,idf
абалак,2.0
абдул,2.0
абдурахман,2.0
абрам,1.0
абраменко,1.69897
абсолютно,1.69897
авантюрный,2.0
августин,2.0
авез,2.0
аверченко,1.69897
автобиографический,1.69897
автобиографичный,2.0
автобиография,2.0
автограф,2.0
автор,0.36653
авторский,1.39794
агамемнон,2.0
агафья,2.0
агресть,2.0
адаев,2.0
адресат,1.39794
адресовать,1.69897
азазелло,2.0
айвенго,2.0
айртон,2.0
айртонуть,2.0
акакиевич,2.0
акакий,2.0
акел,2.0
аккаунт,0.0
акмановый,2.0
аксаков,2.0
аксинья,2.0
активный,0.0
актуальность,2.0
актёр,2.0
акцент,1.69897
акцентировать,2.0
алгебра,0.0
алеко,2.0
алекс,2.0
александр,0.4437
александров,2.0
александрович,1.52288
алексеев,2.0
алексеевич,1.39794
алексей,1.30103
алексин,1.52288
ален,1.52288
аленький,2.0
алеть,2.0
алеш,1.52288
алигьерь,2.0
алиджон,2.0
алина,0.00436
алинк,2.0
алиса,2.0
аллея,2.0
аллитерация,1.39794
алоизий,2.0
алчность,2.0
алый,2.0
алёшин,2.0
амбиция,2.0
америка,1.0
американский,2.0
аминад,2.0
аминадо,0.95861
амир,1.39794
аморфный,2.0
ампер,2.0
ампутация,2.0
анализ,0.0
анализатор,2.0
анализировать,1.09691
анастасия,0.61979
анатоль,2.0
анатомия,1.69897
ангелина,2.0
английский,0.0
андерсен,1.04576
анджела,2.0
андреев,1.30103
андреевич,2.0
андрей,1.1549
андрий,2.0
андриян,2.0
анжел,1.69897
ани,2.0
анищенок,2.0
анна,0.0
анненский,1.69897
антарктика,2.0
антивирусный,2.0
антипод,2.0
антитеза,1.52288
антонов,0.95861
антонович,2.0
антоновка,2.0
антушевич,2.0
аня,1.1549
апрель,0.38722
арбуз,2.0
арбузов,2.0
арг,1.22185
аргумент,1.69897
арена,2.0
ариана,2.0
арин,1.0
аристофан,2.0
аркадий,2.0
арквейд,2.0
арман,2.0
армейский,2.0
армида,2.0
армия,1.69897
арнис,2.0
аромат,2.0
арсений,1.30103
арсланов,2.0
артём,0.00436
архив,0.0
архитектурный,2.0
асем,2.0
аскер,1.69897
аслан,1.69897
аспект,2.0
ассоль,2.0
ассонанс,2.0
ассоциироваться,1.69897
астафьев,0.58503
астахов,2.0
ася,1.52288
атавино,2.0
атмосфера,2.0
атмосферный,2.0
атом,2.0
атомный,1.39794
атрибут,2.0
аул,2.0
аустерлицкий,2.0
афанасий,2.0
афоризм,2.0
ахиллес,2.0
ахмад,2.0
ахматов,1.04576
ахметшин,1.52288
бабушка,0.92082
бабушкин,2.0
багира,2.0
баж,1.09691
бажов,1.39794
база,2.0
базаев,2.0
базар,1.69897
базаров,2.0
бакулин,2.0
бал,1.52288
баллада,2.0
баловать,1.69897
баловник,2.0
бальзак,0.85387
банальный,2.0
барабанить,2.0
баратынский,2.0
барин,2.0
баринов,2.0
барс,2.0
барский,1.52288
барыня,1.0
басня,2.0
батюшкова,2.0
батюшковы,2.0
бах,2.0
бахметьев,2.0
баходир,2.0
бахрома,2.0
башмачник,1.69897
баштан,2.0
бег,2.0
бегать,2.0
бегемот,1.69897
беглый,2.0
беда,2.0
бедность,2.0
бедный,1.04576
бедствие,2.0
бежать,1.22185
бежина,2.0
безвольный,2.0
бездомный,1.39794
бездумно,2.0
бездушный,2.0
безжалостно,2.0
безжалостный,1.69897
безжизненный,2.0
беззаботно,1.69897
беззаботность,2.0
беззаботный,1.22185
беззащитный,1.69897
безмерно,2.0
безоблачный,2.0
безопасность,2.0
безответный,1.69897
безрадостный,1.52288
безразличный,1.69897
безрезультатно,2.0
безропотно,1.52288
безропотный,2.0
безударный,1.69897
безудержный,2.0
безумно,0.92082
безумствовать,2.0
безухов,2.0
бекир,1.69897
бекка,2.0
бел,2.0
белизна,2.0
беликов,2.0
беличенко,2.0
белкин,2.0
белов,1.52288
белок,2.0
белокурый,1.69897
белоснежный,2.0
белые,1.22185
белый,0.92082
беляев,2.0
берег,1.39794
бережливость,2.0
бережный,2.0
березников,2.0
беркий,0.00436
берлинга,2.0
берлиоз,2.0
берёза,1.69897
берёзовый,2.0
беседа,2.0
бескомпромиссный,2.0
бесконечный,2.0
бескрайний,2.0
бесовский,2.0
бесплатный,1.04576
беспокоиться,2.0
беспомощность,2.0
беспомощный,1.52288
беспощадность,2.0
беспрекословно,1.52288
бесприданница,2.0
беспросветно,2.0
бессмертность,2.0
бессмертный,2.0
бессмысленность,2.0
бессоюзный,0.82391
бесспорный,2.0
бесстрашный,2.0
бестолковый,2.0
бесхарактерный,2.0
бесхитростность,2.0
бесценный,2.0
бесчувственный,2.0
бетховен,2.0
библиотека,0.0
биза,1.52288
биликтуевый,2.0
билл,2.0
бим,1.52288
биография,0.0
биологический,2.0
биология,0.0
бирюк,2.0
бирюков,2.0
бисер,2.0
битва,1.52288
биченовый,1.0
благовест,2.0
благодарность,1.39794
благодарный,1.52288
благой,2.0
благополучие,2.0
благополучно,1.69897
благородный,1.30103
благородство,1.39794
бледнеть,2.0
бледный,2.0
блестящий,2.0
близкие,1.69897
близкий,0.76955
близко,2.0
близость,1.69897
блок,0.63827
блуждать,2.0
бобчинский,2.0
бог,1.69897
богато,1.52288
богатство,1.1549
богатый,0.92082
богатырь,1.69897
богач,2.0
богдан,1.69897
богиня,2.0
богомолов,2.0
боевой,1.39794
боец,1.69897
боженька,2.0
божественный,1.52288
божество,2.0
божий,1.69897
бой,1.39794
бойкий,2.0
бойченко,2.0
бок,2.0
болдинский,2.0
более,0.69897
болезненно,2.0
болезненность,2.0
болезненный,1.69897
болезнь,2.0
болконский,2.0
болтун,2.0
боль,2.0
больной,1.39794
больший,0.76955
большинство,1.39794
большой,0.45593
бондарев,1.52288
бонус,0.20761
бора,2.0
борис,1.52288
борменталь,2.0
борода,2.0
бородин,2.0
бородино,1.52288
бородинский,1.39794
бородка,2.0
бороздить,2.0
бороться,1.30103
бортник,2.0
борьба,1.22185
босой,2.0
босоногий,2.0
ботаника,2.0
боязно,2.0
боязнь,2.0
боярин,2.0
боярский,2.0
бояться,1.0
бравый,2.0
брак,2.0
брань,2.0
браслет,2.0
брат,0.92082
братец,2.0
братик,2.0
братия,2.0
брать,1.09691
брачный,2.0
бренный,2.0
бригада,1.69897
бричкин,2.0
бродить,2.0
броднев,2.0
бродский,2.0
бродяга,1.69897
бродячий,2.0
бронников,0.00436
бросать,1.39794
бросаться,1.69897
бросить,1.1549
брудастый,2.0
брэдбрать,2.0
брюсов,2.0
бубновый,2.0
будить,2.0
будничный,2.0
будущее,1.22185
будущий,1.39794
буйно,2.0
буйный,2.0
буква,2.0
буквально,1.52288
букет,2.0
булгаков,1.69897
бульб,2.0
бунин,0.72125
бунт,1.52288
бунтовать,1.69897
буратино,2.0
бурный,1.69897
бурчей,2.0
буря,1.52288
бусесть,2.0
буслович,2.0
бутылка,1.69897
бушевать,2.0
бывалый,2.0
бывать,1.1549
бывший,2.0
быков,1.69897
былина,2.0
былой,2.0
быстро,1.0
быстрый,1.69897
быт,1.52288
бытие,2.0
бытовой,1.69897
быть,0.06048
бэла,1.69897
вадим,2.0
важно,1.30103
важный,0.82391
ваза,2.0
вакуль,1.69897
валек,1.69897
валерий,1.52288
валька,1.69897
валёк,1.69897
вампилов,2.0
ванька,2.0
варвар,1.69897
варвара,1.52288
варенуха,2.0
вариант,0.85387
варламов,2.0
варосяный,2.0
варя,2.0
василиевич,1.39794
василий,0.65758
василиса,0.00436
васильев,1.39794
васнецов,2.0
васька,2.0
васютка,0.46852
васюткать,0.4318
васюткино,1.0
вася,1.22185
ваш,1.69897
ввести,2.0
вводить,2.0
вглядываться,2.0
вдали,2.0
вдаль,2.0
вдвоём,2.0
вдобавок,1.69897
вдохновить,1.39794
вдохновлять,2.0
вдохновляться,2.0
вдруг,2.0
вегетативный,1.69897
ведать,1.69897
ведение,2.0
ведущий,1.69897
везти,2.0
век,1.22185
великий,0.69897
великодушие,1.69897
великодушный,2.0
великое,2.0
величие,1.52288
велтистовый,1.69897
венок,2.0
вера,1.1549
верейский,2.0
веретенников,2.0
веретено,2.0
верить,1.09691
верна,1.69897
вернер,2.0
верность,1.69897
вернуть,1.1549
вернуться,0.69897
верный,0.79588
вероника,1.69897
версия,1.52288
верующий,2.0
вершина,2.0
вершить,2.0
вершковый,2.0
верёвка,2.0
веселие,1.69897
весело,1.52288
весельчак,2.0
весенний,1.39794
весна,1.1549
вести,1.04576
вестись,1.69897
весь,0.09691
весьма,1.69897
весёлый,1.1549
ветвь,1.52288
ветер,1.69897
ветеран,2.0
ветка,2.0
веточка,2.0
ветхий,2.0
вечер,1.30103
вечером,1.69897
вечный,1.04576
вещество,2.0
вещий,1.52288
вещь,2.0
веять,2.0
взаимно,2.0
взаимодействие,1.69897
взаимоотношение,1.30103
взаимоподдержка,2.0
взаимопомощь,2.0
взаимопонимание,2.0
взамен,2.0
взгляд,1.1549
взор,1.39794
взрастить,2.0
взрослеть,1.69897
взрослый,1.30103
взятка,2.0
взять,1.0
вид,0.79588
видение,1.69897
видеть,0.65758
видеться,2.0
видимо,2.0
виднеться,2.0
видный,1.39794
визитный,2.0
визуальный,2.0
вий,2.0
виктор,1.09691
виктория,0.85387
вина,1.22185
винарчик,2.0
виновница,2.0
винчи,2.0
виталина,0.00436
витамин,1.52288
витать,2.0
витька,2.0
витязь,2.0
вишнёвый,2.0
вклад,1.69897
включать,1.39794
включить,2.0
вкус,2.0
вкусно,2.0
вкусный,1.52288
владелец,2.0
владение,2.0
владимир,1.1549
владимирович,0.56864
владислав,1.52288
владычица,2.0
власов,2.0
власть,1.39794
влияние,1.39794
влиять,1.52288
вложить,2.0
влюбить,1.30103
влюбиться,2.0
влюбляться,1.69897
влюблённость,2.0
вместе,0.72125
вмешиваться,2.0
внезапно,2.0
внеклассный,2.0
внемлет,2.0
внести,1.69897
внешне,2.0
внешний,0.85387
внешность,1.0
внимание,0.76955
внимательно,1.69897
внимательный,2.0
вновь,1.22185
внук,1.69897
внука,2.0
внутренний,0.60206
внутрисемейный,1.69897
внучатый,2.0
внучка,2.0
внушать,2.0
вобрать,2.0
вовек,2.0
вовсе,1.69897
вовченко,2.0
вода,0.85387
водород,2.0
водоём,2.0
воевода,2.0
воедино,2.0
военный,1.1549
вожак,2.0
вождь,2.0
возвещать,2.0
возвратиться,2.0
возвращать,1.30103
возвращаться,1.04576
возвращение,1.39794
возвышенно,2.0
воздвигнуть,1.69897
воздействие,2.0
воздух,1.69897
возить,1.69897
возлагаться,2.0
возлюбить,1.39794
возможность,1.22185
возможный,1.69897
возникать,1.52288
возникновение,1.69897
возникнуть,1.69897
возобладать,2.0
возраст,1.1549
возрастной,2.0
возрождение,2.0
воин,1.69897
война,0.4437
войско,1.69897
войти,0.0
воланд,2.0
волдаев,2.0
волевой,2.0
волк,1.52288
волков,1.39794
волнение,2.0
волновать,1.69897
волноваться,1.39794
волнующий,2.0
волос,1.52288
волосочев,0.00436
волошин,1.69897
волхв,1.69897
волчий,2.0
волчица,2.0
волчонок,2.0
волшебник,1.69897
волшебница,2.0
волшебный,0.92082
волшебство,1.52288
вольный,2.0
воля,1.39794
воображение,1.69897
вообще,2.0
воодушевить,2.0
воплотить,1.69897
воплощать,2.0
воплощение,1.52288
вопрос,0.0
воробей,2.0
воробьёв,1.69897
воровать,1.69897
ворон,2.0
воронин,2.0
ворчать,2.0
ворчливый,2.0
восемнадцатилетний,2.0
восемь,2.0
восклицание,2.0
восклицательный,2.0
воскресить,2.0
воскрешать,2.0
воспевание,2.0
воспевать,2.0
воспитание,1.52288
воспитанник,1.52288
воспитанный,1.39794
воспитательница,2.0
воспитать,1.69897
воспитывать,1.30103
воспитываться,1.69897
воспользоваться,2.0
воспоминание,1.0
воспомнить,2.0
воспринимать,1.1549
восприниматься,1.52288
воспринять,2.0
восприятие,1.69897
воспроизвести,1.69897
воспротивиться,2.0
воссоединяться,1.69897
восстановить,2.0
восторг,1.52288
восхищать,2.0
восхищаться,1.69897
восхищение,1.69897
восьмистишие,2.0
вочеловечить,2.0
вояка,2.0
впадать,1.69897
впервые,0.92082
впереди,2.0
впечатление,1.22185
впечатлительный,1.69897
впечатлить,1.69897
вписываться,2.0
впитать,2.0
впитывать,2.0
вплетать,2.0
вплоть,2.0
вполне,1.69897
впоследствии,1.69897
вражда,2.0
вражеский,2.0
вральман,2.0
вред,1.69897
временной,1.69897
время,0.16115
вронский,2.0
врываться,2.0
всадник,2.0
всеволод,2.0
всегда,0.40894
вселить,2.0
вселять,2.0
всемирный,2.0
всемогущий,2.0
всеобщий,0.0
всечасно,2.0
вскакивать,2.0
вскоре,1.04576
вспоминать,1.22185
вспомнить,1.69897
вспомогательный,1.52288
вспыльчивый,1.69897
встать,2.0
встретить,0.92082
встретиться,1.52288
встреча,1.1549
встречать,1.30103
встречаться,1.22185
вступать,0.00436
вступительный,1.52288
вступить,2.0
вступление,1.69897
всякий,2.0
всячески,1.22185
всяческий,1.69897
второе,1.69897
второй,0.79588
второстепенный,0.67778
вуаль,2.0
вулич,2.0
вход,0.0
входить,1.39794
входящий,2.0
вы,0.85387
выбирать,1.30103
выбираться,2.0
выбиться,2.0
выбор,1.22185
выбрать,1.30103
выбраться,1.09691
вывести,2.0
вывод,2.0
выводить,2.0
выглядеть,1.1549
выгнать,2.0
выгода,2.0
выгодно,2.0
выдавать,1.69897
выдать,2.0
выдающийся,2.0
выделение,1.69897
выделить,0.0
выделять,1.52288
выделяться,1.69897
выдерживать,1.69897
выдумать,2.0
выезжать,1.69897
выживание,1.30103
выживать,2.0
выжидать,2.0
выжить,0.58503
вызвать,1.30103
вызволять,2.0
выздоровление,2.0
вызов,1.52288
вызывать,1.09691
вызывающе,2.0
выйти,0.92082
выкуп,1.30103
выкупить,2.0
вылечить,2.0
вылиться,2.0
выложить,2.0
вымышленность,2.0
вынести,2.0
вынимать,2.0
выносить,2.0
вынудить,0.92082
вынужденно,2.0
вынужденный,1.69897
выпадать,2.0
выпасть,1.69897
выпечка,2.0
выпить,1.69897
выплатить,1.69897
выплачивать,2.0
выползать,1.69897
выполнить,1.39794
выполнять,0.95861
выпороть,2.0
выпускать,2.0
выпускник,2.0
выпустить,2.0
выражать,1.22185
выражаться,2.0
выражение,1.39794
выразитель,2.0
выразительно,2.0
выразительность,0.67778
выразительный,1.39794
выразить,1.39794
вырасти,1.22185
вырастить,1.69897
вырваться,1.69897
вырина,2.0
вырисовываться,2.0
выручать,2.0
выручка,2.0
высадить,2.0
высказать,1.69897
высказывание,1.69897
высказывать,2.0
высказываться,2.0
выслать,1.69897
высмеивать,2.0
высокий,0.40894
высоко,1.69897
высокомерно,2.0
высокомерный,2.0
высоконравственный,2.0
высоцкий,1.69897
выстрел,2.0
выступать,1.39794
выступление,2.0
вытащить,1.69897
вытерпеть,2.0
выть,1.52288
вытягивать,2.0
выход,1.39794
выходить,1.39794
выходка,2.0
вычислительный,1.69897
вычитание,1.69897
выявить,2.0
выявлять,2.0
вьюга,2.0
вьющийся,2.0
г,2.0
гаврил,1.52288
гадалин,2.0
гадкий,2.0
гаев,2.0
гайдар,2.0
галактика,2.0
галеев,1.1549
галерея,2.0
галина,1.1549
гамидов,2.0
гамлет,2.0
гамма,2.0
ганна,2.0
ганс,2.0
гар,2.0
гармоничный,2.0
гармония,2.0
гасанов,2.0
гачегов,1.52288
гвардейский,2.0
гвардия,2.0
гвидон,2.0
гвоздев,2.0
где,0.52288
геб,2.0
гек,2.0
гекльберри,1.69897
гектор,2.0
гелла,2.0
гель,1.69897
генерал,1.69897
гений,2.0
генри,2.0
географический,2.0
география,0.0
геометрия,0.0
геракл,2.0
герасим,0.95861
герасимов,2.0
герд,1.52288
геродот,1.69897
героизм,2.0
героиня,1.22185
героический,1.39794
герой,0.03152
геройский,2.0
герцен,2.0
гибель,1.69897
гибнера,2.0
гимн,1.69897
гипербола,2.0
гиперссылка,0.0
гирин,2.0
гитлер,2.0
глава,1.69897
главное,0.69897
главный,0.05061
глагол,1.52288
гладилин,2.0
гладить,1.69897
гладышев,2.0
глаз,0.95861
гласный,1.69897
глашатай,2.0
глеб,1.69897
гленарвать,2.0
глинка,2.0
глубина,1.39794
глубокий,0.95861
глубоко,1.22185
глуповца,2.0
глупый,1.39794
глухарь,2.0
глухой,2.0
глухонемой,1.52288
глушь,2.0
глядеть,1.69897
гнуться,1.69897
говорить,0.61979
говорящий,1.39794
гоголевский,1.69897
гоголь,0.74473
год,0.14267
годовалый,2.0
годунов,2.0
голдинга,2.0
голова,1.1549
головка,2.0
головкин,1.52288
головлёв,2.0
головной,1.39794
головотяп,2.0
голод,2.0
голодный,1.69897
голос,1.39794
голубка,2.0
голубоглазый,2.0
голубой,1.09691
голубятников,2.0
голый,2.0
гомер,1.52288
гомера,2.0
гончаров,1.69897
гора,0.74473
гораздо,1.52288
горбачёв,2.0
горделивый,2.0
гордиться,2.0
гордость,1.30103
гордый,1.39794
горе,1.52288
горесть,2.0
гореть,2.0
горный,2.0
горняк,2.0
город,1.0
городничий,2.0
городок,1.69897
городской,1.69897
горожанин,2.0
горький,0.82391
горько,1.52288
горьковенко,2.0
горячий,1.52288
господин,2.0
господский,1.69897
гостить,1.30103
гость,0.0
государственный,2.0
готовить,1.09691
готовиться,1.52288
готовый,0.79588
гофман,1.69897
гоша,2.0
град,2.0
градоначальник,2.0
градус,1.39794
гражданин,1.04576
гражданский,1.30103
грамота,0.95861
грамотно,2.0
грамотный,1.69897
гранатовый,2.0
грант,2.0
граф,2.0
грезить,2.0
грек,2.0
греметь,2.0
гремучий,2.0
греть,2.0
греться,2.0
греция,1.69897
греческий,2.0
грешневый,2.0
гриб,1.39794
грибной,2.0
грибоедов,2.0
грива,2.0
григорий,1.52288
григорьев,1.69897
гриднев,1.0
гримм,2.0
грин,1.39794
гринёв,2.0
гриша,2.0
гроза,1.69897
гроздочка,2.0
гроздь,2.0
грозный,1.30103
гром,2.0
громадный,2.0
громко,2.0
громов,2.0
гротеск,2.0
грохот,1.30103
грубить,2.0
грубость,2.0
грубый,1.69897
грудной,2.0
грузный,1.52288
грустно,2.0
грустный,1.1549
грусть,1.39794
грушко,2.0
грушницкий,2.0
грядущий,1.69897
грясти,2.0
губерния,1.69897
губить,2.0
гувернёр,2.0
гузяль,1.1549
гук,2.0
гульмира,2.0
гуляние,2.0
гулять,1.30103
гумилёв,1.69897
густой,1.52288
гюго,2.0
гёте,2.0
давать,0.65758
даваться,1.1549
давлатбек,2.0
давление,2.0
давний,1.69897
давно,1.69897
давыдов,2.0
дале,2.0
далее,1.52288
далеко,1.69897
далер,2.0
дальнейший,1.30103
дальний,1.69897
далья,1.69897
далёкий,1.30103
дама,1.30103
даниил,0.00436
данил,1.52288
данилов,2.0
данияр,2.0
данко,2.0
данные,1.69897
данный,0.46852
данте,2.0
дар,1.30103
дарить,1.39794
дармовой,2.0
дарование,2.0
даром,2.0
дарья,1.09691
дата,1.69897
датский,2.0
дать,0.31876
даться,1.39794
дача,1.69897
даша,1.69897
два,0.58503
двадцатилетний,2.0
дважды,2.0
двенадцатилетний,1.69897
двенадцать,1.52288
двигаться,1.69897
движение,1.52288
двое,2.0
двоемирие,2.0
двойка,2.0
двойник,2.0
двойной,2.0
двор,1.39794
дворец,1.52288
дворецкий,2.0
дворник,1.22185
дворовый,1.52288
дворцовый,1.39794
дворянский,1.22185
дворянство,2.0
двоюродный,1.69897
двустопный,2.0
девочка,0.95861
девушка,1.22185
дегтяренко,2.0
дед,1.30103
дедушка,1.30103
деепричастие,1.52288
деепричастный,2.0
дежурить,2.0
действие,1.39794
действительно,1.0
действительность,1.52288
действовать,1.22185
декабрь,2.0
декламировать,2.0
декоративный,2.0
делать,0.60206
делаться,2.0
деление,1.69897
делить,2.0
делиться,0.79588
дело,1.04576
делывать,2.0
демонстрировать,1.22185
демонстрироваться,2.0
денежный,2.0
денис,2.0
денисенко,2.0
денисович,1.69897
день,0.48149
деньга,1.39794
департамент,2.0
деревенский,1.39794
деревня,1.1549
дерево,1.52288
державин,1.69897
держать,0.92082
держаться,1.52288
дерзкий,1.52288
деспотизм,2.0
десятилетний,2.0
десятичный,1.69897
десять,1.30103
деталь,1.1549
детальный,2.0
детвора,1.69897
детский,1.22185
детство,0.61979
дефис,2.0
дефоржа,2.0
дешёвенький,2.0
деятельность,1.52288
джесси,1.69897
джигит,2.0
джим,2.0
джо,2.0
джонни,2.0
джульетта,2.0
джунгли,2.0
диалог,2.0
дивный,2.0
дик,2.0
дикий,1.30103
диляр,1.69897
дима,1.69897
дин,1.1549
дина,1.69897
динамичный,2.0
дипломатический,1.69897
директор,2.0
дичь,2.0
длинный,1.09691
длительный,2.0
длиться,1.69897
дмитриев,1.69897
дмитриевич,2.0
дмитрий,1.04576
дневник,0.0
дневный,2.0
добавить,1.69897
добавлять,2.0
добиваться,1.69897
добиться,1.52288
доблестный,1.69897
доблесть,2.0
добраться,1.69897
добро,1.09691
добровольческий,2.0
добродетель,2.0
добродушный,2.0
доброжелательно,2.0
добролюбов,2.0
добросклон,2.0
добросклонов,2.0
доброта,0.85387
добрый,0.49485
добчинский,2.0
добыть,1.69897
довольно,1.09691
довольный,2.0
договориться,1.69897
дождь,1.69897
доживать,2.0
дойти,2.0
доказывать,2.0
доктор,2.0
документально,2.0
долг,0.82391
долгий,0.82391
долго,1.69897
долговой,1.69897
долгожданный,1.52288
должный,0.72125
долохов,2.0
доля,1.39794
дом,0.65758
домашний,0.88606
домик,2.0
доминировать,2.0
домой,1.22185
домыслить,2.0
дон,0.95861
донести,1.39794
доносить,1.69897
доноситься,1.69897
дополнительно,1.39794
дополнительный,0.33724
дополнять,1.52288
дополняться,1.39794
дориан,2.0
дорога,0.92082
дорогой,1.39794
доронин,2.0
дорсет,2.0
дорсетта,2.0
доска,0.1549
доставать,2.0
доставаться,2.0
доставить,2.0
достаточно,1.1549
достать,2.0
достаться,1.69897
достигать,2.0
достигаться,1.69897
достигнутый,2.0
достоевский,0.88606
достоинство,1.22185
достойно,2.0
достойный,1.30103
дочка,1.39794
дочь,0.95861
драма,2.0
драматический,2.0
драматург,1.69897
драматургия,2.0
драться,2.0
древнегреческий,1.69897
древний,1.0
дремучий,2.0
дрисколл,2.0
дробь,1.69897
дрова,2.0
дрожать,2.0
друбецкий,2.0
друг,0.52288
другой,0.49485
дружба,0.92082
дружелюбно,2.0
дружелюбный,2.0
дружеский,1.52288
дружный,2.0
друзовский,2.0
дряхлый,2.0
дуб,2.0
дубинин,1.69897
дубовский,2.0
дубровский,1.69897
думать,1.39794
дуня,2.0
дуняша,2.0
дуркина,2.0
дурной,1.30103
дух,0.95861
духовный,1.30103
душа,0.82391
душевный,1.22185
душистый,1.69897
душить,2.0
дуэль,2.0
дымка,2.0
дыня,2.0
дыхание,2.0
дышать,1.52288
дьячок,1.69897
дэйзи,2.0
дюма,0.92082
дядя,1.52288
евгений,1.39794
евдокия,2.0
евразия,2.0
европа,2.0
европейский,1.52288
егор,2.0
егошин,2.0
егэ,0.0
еда,1.52288
едва,2.0
единение,1.69897
единица,2.0
единовременный,2.0
единственный,1.04576
единство,2.0
единый,1.52288
ездить,1.69897
екатерина,1.0
екимов,2.0
еле,2.0
елена,0.95861
елизавета,0.00436
елисей,0.95861
емельянов,2.0
енисей,2.0
епиходов,2.0
еркейый,2.0
ермил,2.0
ершалаимский,2.0
ершовый,2.0
есенин,0.55284
есенинский,2.0
естественный,1.69897
есть,0.00436
ехать,2.0
ещё,0.14874
жадный,1.52288
жажда,2.0
жалеть,2.0
жалить,2.0
жаловаться,2.0
жалостливый,2.0
жанна,1.52288
жанр,0.55284
жанровый,1.69897
жарка,1.69897
жарков,2.0
жвалевский,1.69897
ждать,1.04576
жек,1.52288
желание,1.0
желать,1.39794
железников,1.30103
железный,2.0
желтеть,1.39794
жена,1.1549
женить,1.52288
жениться,1.30103
женский,0.95861
женщина,1.22185
жертва,1.30103
жертвовать,2.0
жестокий,0.88606
жестоко,1.69897
жестокость,0.92082
жечь,2.0
живаго,2.0
живить,2.0
живой,0.88606
живописный,2.0
живот,2.0
животное,0.82391
животный,0.69897
жизнедеятельность,1.09691
жизнелюбие,2.0
жизненно,2.0
жизненный,0.88606
жизнерадостный,2.0
жизнеутверждающий,2.0
жизнь,0.20066
жила,2.0
жилин,1.1549
жиляев,0.00436
житейский,2.0
житель,1.30103
жить,0.42022
жора,1.52288
жребий,2.0
жрец,2.0
жук,2.0
жуков,2.0
жуковский,1.52288
журавль,2.0
журден,2.0
журнал,0.95861
журчание,2.0
жучок,2.0
жюля,2.0
жёлтый,2.0
жёсткий,2.0
з,2.0
забава,2.0
забавный,1.69897
забирать,1.69897
забираться,2.0
забитый,2.0
забиться,2.0
заблудиться,1.52288
заболоцкий,1.69897
забота,1.30103
заботиться,1.22185
заботливо,2.0
заботливый,1.69897
забрать,1.69897
забросить,1.52288
забывать,1.52288
забыть,0.95861
завалишин,2.0
заведение,2.0
завершать,1.69897
завершаться,2.0
завершить,0.00436
заветный,2.0
завидеть,2.0
завидовать,1.69897
зависеть,1.52288
зависимость,1.69897
завистливый,2.0
зависть,1.52288
завладеть,2.0
заводить,1.69897
завоевать,2.0
завтра,1.69897
завывание,2.0
завязать,2.0
завязка,1.69897
завязываться,2.0
загадать,2.0
загадочный,2.0
загайнов,2.0
заглавие,2.0
заглохнуть,2.0
заглядывать,2.0
загорелый,2.0
заготавливать,2.0
заграничный,2.0
загробный,2.0
загрязнение,2.0
загубить,2.0
задавать,1.69897
задание,1.52288
задеть,2.0
задолго,2.0
задор,2.0
задуматься,1.52288
задумчиво,2.0
задумчивый,2.0
задумываться,1.69897
заживо,2.0
зажиточный,1.69897
зазорно,2.0
заимствовать,2.0
зайнеев,2.0
зайти,2.0
закалить,2.0
закаляться,2.0
заканчивать,2.0
заканчиваться,1.39794
закат,2.0
закиров,2.0
заключаться,1.04576
заключить,1.69897
заковыристый,2.0
заколдованный,1.30103
закон,0.60206
закономерный,2.0
закончить,1.52288
закруткин,2.0
закрытый,2.0
закрыть,0.0
закрыться,1.69897
закутаться,2.0
залежь,2.0
заложник,2.0
залп,1.69897
заманивать,2.0
заменить,2.0
заменять,2.0
замерзать,2.0
замесова,2.0
заметить,1.39794
заметный,2.0
замечательный,1.52288
замечать,1.1549
замкнутость,2.0
замкнуться,1.69897
замок,1.39794
замораживать,2.0
заморозить,2.0
замуж,1.39794
замужество,2.0
замучить,2.0
замысел,1.39794
замятин,1.52288
замёт,2.0
занимать,1.0
заниматься,1.09691
заноза,2.0
заносчивость,2.0
занятие,1.30103
занятой,0.48149
занятый,2.0
занять,2.0
заняться,1.52288
западный,1.69897
западня,2.0
запас,1.69897
запах,1.69897
запереть,2.0
запечатлеть,2.0
запираться,2.0
записка,1.69897
запись,2.0
заплатить,1.69897
заплетать,2.0
запоздалый,2.0
заполучить,2.0
заполярный,2.0
запоминать,1.69897
запоминаться,1.52288
запомнить,2.0
запомниться,1.69897
запрет,2.0
запретить,2.0
запрячь,2.0
запуганный,1.69897
запустить,2.0
запятая,0.0
зарабатывать,0.00436
заработать,1.69897
заранее,1.69897
зарасти,2.0
зарезать,2.0
зарекомендовать,2.0
зарецкий,2.0
зарисовка,1.39794
заров,2.0
зародиться,2.0
зарождаться,2.0
зарубежный,2.0
зарубка,2.0
заря,1.52288
заряд,2.0
засечка,2.0
заслуга,1.69897
заслуживать,1.69897
заслужить,1.69897
заслушаться,2.0
заслушиваться,2.0
заслышать,2.0
заснуть,2.0
заставить,2.0
заставлять,1.09691
застать,2.0
застрелить,2.0
заступ,2.0
заступаться,1.69897
заступник,2.0
затаить,2.0
затевать,2.0
затейник,2.0
затем,1.30103
затея,2.0
заусайлов,2.0
зафиксировать,2.0
захаров,2.0
захарович,2.0
захватывать,2.0
заходить,1.69897
захотеть,1.52288
зачаровать,2.0
зачастую,2.0
зачем,1.69897
зачесться,2.0
зашифровать,2.0
защита,1.22185
защитить,1.39794
защитник,1.52288
защищать,1.52288
заявлять,2.0
заячий,2.0
званый,2.0
звать,1.39794
звезда,2.0
звенеть,2.0
звено,2.0
зверь,1.69897
звон,2.0
звонкий,2.0
звук,1.30103
звуковой,2.0
звукопись,2.0
звучание,1.52288
звучать,1.69897
звёздный,2.0
здесь,0.76955
здоровый,2.0
зеленоглазый,2.0
зелень,2.0
зелёный,1.09691
земля,0.92082
земляника,2.0
земноводное,2.0
земной,1.52288
зеркало,2.0
зима,1.39794
зимний,1.0
зимовать,2.0
зимой,1.30103
зиночка,2.0
зинченко,2.0
злак,2.0
златокудрый,2.0
зло,1.04576
злоба,2.0
злобный,1.39794
злодей,1.69897
злой,1.0
злопамятный,2.0
злость,2.0
злоумышленник,2.0
знак,1.39794
знакомить,2.0
знакомиться,1.52288
знакомство,2.0
знакомый,1.22185
знаменитый,1.1549
знаменовать,2.0
знание,0.60206
знатный,1.52288
знать,0.76955
значение,1.1549
значимость,1.69897
значительно,1.69897
значительный,1.69897
значиться,2.0
знойный,1.69897
золотить,2.0
золото,2.0
золотой,1.0
зона,1.30103
зорко,2.0
зоря,1.52288
зрелость,2.0
зрелый,1.52288
зрение,1.22185
зреть,2.0
зритель,1.52288
зрительный,1.69897
зря,1.69897
зулпухара,2.0
зульфия,2.0
зыбиться,2.0
зырянов,1.69897
зёрнышко,2.0
иван,0.67778
иванов,1.69897
иванович,2.0
ивчик,2.0
игла,2.0
игорев,2.0
игорь,0.0
игра,1.39794
играть,0.79588
игривый,2.0
игрушка,1.52288
идеал,2.0
идейный,1.69897
идея,0.72125
идиот,2.0
идти,1.0
иешуа,2.0
избавить,1.69897
избавиться,1.39794
избавляться,1.69897
избаловать,2.0
избегать,2.0
избежать,2.0
избушка,2.0
известие,2.0
известно,1.69897
известный,0.82391
изгнанник,2.0
изгнать,2.0
изгой,2.0
издавать,2.0
издаваться,2.0
издание,2.0
издатель,2.0
издать,1.69897
издеваться,1.39794
изергиль,2.0
излагать,2.0
изложение,1.52288
излюбить,2.0
изменение,1.39794
изменить,1.39794
измениться,1.69897
изменять,2.0
измучить,2.0
изнанка,2.0
изнемогать,2.0
изобилие,2.0
изображать,1.39794
изображаться,2.0
изображение,2.0
изобразительный,2.0
изобразить,1.52288
изранить,2.0
изумрудный,1.52288
изучать,1.04576
изучаться,1.39794
изучение,2.0
изучить,2.0
изящный,1.69897
иллюстрация,2.0
ильин,1.1549
ильинский,2.0
ильич,2.0
ильсияр,2.0
ильф,1.69897
илья,1.1549
илюша,2.0
имение,1.22185
именины,2.0
иметь,0.42022
иметься,1.69897
императорский,2.0
импонировать,2.0
имя,0.60206
иначе,1.39794
инвалид,2.0
инверсионный,2.0
инверсия,1.69897
индеец,2.0
инесса,2.0
инна,0.00436
иногда,1.30103
иной,1.39794
иностранка,2.0
иностранный,2.0
инстинкт,1.69897
инструктор,2.0
инструмент,1.52288
интерактивный,2.0
интерес,1.22185
интересно,1.69897
интересный,1.09691
интересовать,1.39794
интерпретировать,2.0
интерьер,2.0
интонационный,2.0
информатика,0.0
информационный,2.0
информация,0.33724
иняев,2.0
ионович,2.0
иосиф,1.1549
ипполит,2.0
ирина,0.82391
ирония,2.0
исаев,0.00436
исаковский,2.0
искажать,2.0
искандер,0.56864
искание,2.0
искать,1.0
исключение,1.39794
ископаемое,2.0
искренне,1.1549
искренний,1.1549
искромётный,2.0
искусно,2.0
искусный,2.0
искусство,2.0
искушение,2.0
ислам,1.69897
исмагулов,2.0
исполнить,1.52288
исполниться,2.0
исполнять,2.0
использование,1.39794
использовать,0.52288
использоваться,1.09691
испортить,1.52288
исправить,2.0
исправлять,2.0
исправно,2.0
испуганный,2.0
испугать,2.0
испугаться,1.52288
испытание,1.30103
испытывать,1.22185
исследование,1.69897
исследователь,1.39794
исследовать,1.69897
истеричный,2.0
истина,2.0
истинно,2.0
истинный,1.1549
исторически,2.0
исторический,1.39794
история,0.0
источник,1.69897
истый,2.0
исцеление,2.0
исчезать,2.0
итог,1.22185
итоговый,2.0
июль,2.0
йенний,2.0
каа,2.0
кабаниха,2.0
кабинет,0.0
каверин,2.0
кавказ,1.30103
кавказский,1.09691
кадкина,2.0
каждый,0.4318
казаться,1.09691
казбич,2.0
кази,2.0
казновый,2.0
кай,1.52288
каков,1.52288
какой,0.14267
калашников,2.0
калевала,2.0
калинович,2.0
калиновский,2.0
калиновый,2.0
калюжный,1.52288
каменный,2.0
камень,2.0
каморка,2.0
камушек,1.69897
каникулы,1.69897
канкулов,1.69897
канон,1.69897
капитан,0.63827
капитанский,2.0
капитанчук,1.69897
капитон,2.0
капля,1.52288
каприз,1.69897
капризный,1.69897
карамзин,2.0
каранник,2.0
каратаев,2.0
каратай,2.0
карать,2.0
караться,2.0
карауглан,1.1549
каренин,2.0
карета,2.0
карий,2.0
карикатурно,2.0
карл,2.0
карлик,2.0
карта,1.69897
картина,0.76955
картинка,2.0
касаться,2.0
каспер,2.0
кассиль,1.52288
катастрофически,2.0
кататься,1.69897
категория,0.48149
катерина,2.0
каторга,2.0
катрен,1.69897
катя,2.0
качай,2.0
качество,0.95861
каширин,2.0
кашлевый,2.0
квадратный,1.69897
кедровый,1.69897
кек,2.0
кекс,2.0
киевский,2.0
киктеть,2.0
кино,0.88606
киплинг,1.52288
кира,2.0
кирибеевич,2.0
кирилл,1.1549
кирсан,2.0
кирсанов,2.0
кислицин,2.0
кислородсодержащий,2.0
кисть,2.0
китенко,0.00436
кихот,2.0
кияновый,2.0
кладбищенский,2.0
кладезь,1.69897
кладовая,2.0
класс,0.0
классический,1.30103
клетка,2.0
клик,2.0
клим,1.69897
климатический,2.0
кличка,1.22185
ключевой,2.0
книга,0.82391
книгопродавец,2.0
книжный,2.0
княжна,1.52288
князь,1.30103
коварный,1.52288
коготь,2.0
код,0.0
козлов,1.09691
козни,1.69897
кой,1.52288
коктебель,2.0
колдовство,2.0
колдун,2.0
колебание,2.0
колебать,2.0
колесов,2.0
количество,1.1549
коллективный,2.0
коллекция,2.0
колокол,2.0
колокольный,2.0
колорит,2.0
колоритный,1.52288
колоть,1.69897
колпаков,2.0
кольцевой,1.22185
кольцо,2.0
коля,1.69897
команда,0.0
командир,2.0
командный,2.0
командовать,2.0
комаров,1.22185
комедия,0.85387
комиссар,2.0
комический,2.0
комната,1.69897
компанейский,0.33724
комплекс,1.52288
композиционно,2.0
композиционный,1.52288
композиция,0.58503
кондаев,0.00436
кондратьев,1.1549
кондрашкин,2.0
конец,1.0
конечный,1.69897
конкурс,0.00436
конский,2.0
константин,2.0
константинович,2.0
константиновый,1.69897
конституция,2.0
конструкция,2.0
контакт,0.0
контекст,1.39794
контрабандист,2.0
контраст,1.52288
контрастировать,2.0
контрастность,2.0
контрольный,2.0
конфиденциальность,0.0
конфликт,1.69897
кончина,2.0
конь,1.69897
координата,2.0
координация,2.0
копал,2.0
копейкин,2.0
копилка,2.0
копирование,0.0
кора,2.0
корабль,1.69897
корени,2.0
корень,0.0
корзина,2.0
коричневый,2.0
кормить,1.30103
корн,2.0
коробочка,2.0
коровьев,2.0
королева,1.52288
королевский,2.0
королевство,2.0
короленко,1.09691
король,1.69897
коротенький,2.0
короткий,1.69897
коррупция,2.0
коршун,2.0
коршунов,2.0
корыстный,2.0
коса,2.0
костик,2.0
костин,2.0
косточка,2.0
костылина,1.1549
костёр,1.52288
кот,2.0
который,0.03621
котёл,2.0
кофе,2.0
кошев,2.0
кошка,2.0
кощеев,2.0
кощей,2.0
коэффициент,1.52288
край,1.39794
крайне,2.0
крайний,2.0
красавец,2.0
красавица,1.22185
красиво,1.39794
красивый,0.72125
красилов,2.0
красить,2.0
краска,2.0
краснов,2.0
красногорский,2.0
красный,1.30103
красота,0.92082
красочно,1.69897
красочный,2.0
краткий,0.0
кратко,0.48149
краткость,2.0
крах,2.0
кремнистый,2.0
крепкий,1.39794
крепко,2.0
крепостной,0.63827
крестьянин,1.1549
крестьянский,1.39794
кривая,2.0
кривоносов,2.0
кризис,2.0
крииск,2.0
крик,1.52288
кристиан,2.0
кристина,0.00436
критика,1.52288
критический,1.52288
кровавый,1.52288
кровать,1.69897
кровеносный,2.0
кровный,2.0
кровь,2.0
кролик,2.0
круг,1.69897
кругозор,2.0
кружиться,1.69897
крупица,2.0
крупный,1.52288
круто,2.0
крутой,0.56864
крушение,2.0
крыжовник,2.0
крылатый,2.0
крылов,2.0
крым,2.0
крыться,2.0
крыша,1.69897
ксения,2.0
кто,0.56864
кувалдина,2.0
кувшин,2.0
кудри,2.0
кудрявцев,2.0
кудряш,2.0
кузина,2.0
кузичев,2.0
кузнецов,1.22185
кузубов,1.69897
кузьмин,1.0
кузьмич,2.0
кукла,1.30103
куковать,2.0
кукольный,2.0
кукушка,1.69897
кулигин,2.0
куликов,1.69897
куликовский,2.0
кульминационный,1.69897
кульминация,2.0
культура,1.52288
купаться,1.69897
купец,1.09691
купеческий,2.0
купить,2.0
куприн,1.39794
курагин,2.0
курагина,2.0
курапира,2.0
курица,1.52288
курс,2.0
кусака,2.0
кусок,2.0
куст,2.0
кутейкин,2.0
кутузов,2.0
куципалов,1.0
куча,2.0
кучмина,0.56864
кэрролл,2.0
лавровский,2.0
ладья,1.69897
лазить,2.0
лазуренко,2.0
лазурь,2.0
лай,2.0
лаконичный,1.52288
лалаять,2.0
лапа,1.69897
ларин,2.0
лариса,0.0
ларра,2.0
ласкать,1.69897
ласковый,1.69897
латинский,1.39794
латышковы,2.0
лачужка,2.0
лаять,2.0
лебедев,1.69897
лебедь,2.0
лебезятников,2.0
лев,1.39794
левий,2.0
левитан,2.0
левко,2.0
левонтий,1.69897
левша,2.0
легенда,1.1549
легендарный,2.0
легко,1.1549
ледяной,1.69897
лежать,1.09691
лежнев,2.0
лежук,2.0
лексика,2.0
лена,2.0
ленивый,1.69897
ленин,2.0
ленский,2.0
лень,1.69897
леонардо,2.0
леонид,1.22185
лепесток,2.0
лепить,2.0
лепёшка,2.0
лера,0.95861
лермонтов,0.45593
лермонтовский,1.69897
лес,0.85387
лесков,2.0
лесной,1.1549
летать,1.69897
лететь,2.0
летний,1.22185
лето,1.30103
летучий,1.52288
леушина,1.1549
лечь,1.30103
лжедмитрий,2.0
лиана,2.0
лидер,2.0
лидий,2.0
лидия,2.0
лиза,1.52288
лизавета,2.0
лизоблюд,2.0
лилия,2.0
лиля,2.0
лина,1.69897
линейность,2.0
линейный,2.0
линия,2.0
лирика,1.09691
лирический,0.56864
лиричность,2.0
лист,1.52288
литвин,2.0
литератор,1.69897
литература,0.0
литературный,0.95861
литературовед,2.0
лить,2.0
лиходеев,2.0
лихой,1.52288
лицеист,2.0
лицей,2.0
лицейный,2.0
лицейский,1.52288
лицемерный,2.0
лицо,0.95861
личность,1.1549
личный,1.52288
лишать,2.0
лишить,1.52288
лишиться,1.52288
лишний,2.0
лов,1.69897
ловить,1.39794
ловкий,2.0
ловля,2.0
логический,2.0
логичный,2.0
лодка,2.0
лодыжкина,2.0
ложиться,2.0
ложный,1.69897
ломакин,2.0
ломить,2.0
ломоносов,2.0
лондон,2.0
лопахин,2.0
лопухин,2.0
лорд,2.0
лошадиный,2.0
лошадь,1.69897
луг,1.39794
лужин,2.0
лука,2.0
лукич,2.0
луна,1.69897
луч,1.69897
лучик,2.0
львович,1.52288
льдинка,2.0
любим,1.69897
любимица,1.69897
любимый,0.45593
любитель,1.69897
любить,0.3098
любоваться,2.0
любовный,1.30103
любовь,0.67778
любознательный,1.39794
любой,0.76955
любопытный,1.0
любопытство,1.69897
любящий,2.0
людмила,0.92082
люто,1.69897
лютый,1.69897
лягушка,2.0
лялина,2.0
лёгкий,1.1549
лёгкость,1.69897
лётчик,2.0
магазин,2.0
магибр,2.0
магический,2.0
магия,2.0
магнитный,0.92082
мадалий,2.0
май,1.69897
майкова,2.0
майор,2.0
майский,1.52288
макар,1.52288
макеев,2.0
макрорегион,1.69897
макс,1.69897
максим,1.22185
максимально,1.22185
максимальный,2.0
максимилиан,1.69897
максимович,1.69897
макушка,2.0
малахит,2.0
малахитовый,1.69897
маленький,0.58503
мало,1.69897
малообразованный,2.0
малый,1.52288
малыш,1.69897
малышок,2.0
мальбек,2.0
мальчик,0.60206
мальчиков,1.52288
мальчишка,0.76955
мальчуган,2.0
мама,1.39794
мамай,2.0
мамут,1.0
мандельштам,2.0
манера,1.69897
манилов,2.0
манин,1.69897
манить,2.0
мановение,2.0
марат,1.69897
марать,2.0
маргарита,1.39794
марданян,1.69897
марианна,2.0
марина,0.79588
мария,0.0
марк,0.85387
мармелад,2.0
мармеладовый,2.0
март,0.58503
мартынов,0.00436
маруся,1.30103
маршак,1.30103
марья,1.69897
маска,2.0
массив,2.0
мастер,1.39794
мастерить,2.0
мастерски,2.0
мастерство,1.52288
масштаб,2.0
масштабность,2.0
матвей,1.52288
математик,0.0
математика,1.52288
материал,0.0
материнский,2.0
матерой,2.0
матрос,2.0
матрёна,2.0
матрёнин,2.0
мать,0.76955
мауголь,1.69897
махнуть,2.0
маша,0.0
маяковский,0.76955
медаль,2.0
медведев,2.0
медведица,2.0
медведь,2.0
медвежий,2.0
медицинский,2.0
медленно,2.0
медлительность,2.0
медный,0.74473
медь,2.0
международный,2.0
межличностный,2.0
мезонин,2.0
мейоз,2.0
мелех,2.0
мелехов,2.0
мелить,2.0
мелкий,1.52288
мельник,2.0
мельников,2.0
мельница,2.0
менделеев,2.0
менее,1.52288
менять,1.52288
меняться,2.0
мера,2.0
мерген,2.0
мерека,2.0
мересьев,2.0
мерзавец,2.0
мери,1.52288
мерило,2.0
мерим,1.30103
мероприятие,2.0
местный,2.0
место,0.65758
местоимение,1.0
местонахождение,2.0
местоположение,2.0
месть,2.0
месяц,1.22185
метафора,0.69897
метафорически,2.0
метафорический,2.0
метель,1.69897
метерлинк,1.09691
метр,2.0
механика,2.0
мечта,1.30103
мечтание,2.0
мечтатель,2.0
мечтательный,1.52288
мечтать,1.30103
мешать,1.22185
мещанин,2.0
миг,2.0
мила,2.0
милон,2.0
милосердие,1.69897
милосердный,2.0
милый,0.82391
миляуш,2.0
минзи,2.0
министр,2.0
минкаил,2.0
минорный,2.0
минус,1.69897
минута,0.55284
мир,0.0
мирзоев,2.0
мирный,1.69897
мировой,0.95861
миронов,2.0
мироощущение,2.0
мирослав,1.1549
мирославва,1.52288
миска,2.0
мистический,1.52288
митоз,2.0
митраша,2.0
митрофан,2.0
митрофанушка,2.0
митька,2.0
мифический,2.0
михаил,1.1549
михаилович,1.69897
михайло,2.0
михайлов,2.0
михайловский,2.0
миша,1.69897
мишенька,2.0
младенчество,2.0
младший,1.0
мнение,1.22185
мнимый,2.0
мнить,2.0
многие,1.09691
многий,0.95861
много,0.48149
многогранность,2.0
многое,1.1549
многозначный,2.0
многолетний,2.0
многообразие,2.0
многочисленный,1.52288
многочлен,2.0
множество,1.09691
могарыч,2.0
могила,2.0
могильный,2.0
модель,2.0
можно,0.4437
мозг,1.69897
мой,0.45593
мокеева,1.22185
мокина,2.0
мокнуть,2.0
молиться,1.69897
молния,2.0
молодой,0.65758
молодость,1.39794
молоко,2.0
молоков,1.1549
молча,2.0
молчалин,2.0
мольер,2.0
момент,0.76955
монархический,2.0
монастырь,2.0
монолог,1.30103
монументальный,2.0
морально,1.69897
моральный,1.69897
мордяхина,2.0
море,1.30103
мореплаватель,2.0
морозка,2.0
морозко,1.69897
морской,2.0
морфологический,0.0
моряк,2.0
мосейковы,2.0
москва,1.30103
москвитин,1.69897
москвич,2.0
московский,1.69897
мотив,1.30103
мотивировать,2.0
мох,1.69897
моцарт,2.0
мочевыделительный,1.52288
мочь,0.30103
мошенник,2.0
мощность,2.0
мощь,1.52288
мрачный,1.52288
мстительный,1.52288
мугамед,2.0
мудро,2.0
мудрость,1.52288
мудрый,1.22185
муж,1.52288
мужественно,1.69897
мужественность,2.0
мужественный,1.52288
мужество,2.0
мужик,1.52288
мужской,1.04576
мужчина,0.95861
музыкальный,2.0
музыкант,1.69897
мум,0.95861
муромец,2.0
мурчать,2.0
мусоргский,2.0
мухаматовый,2.0
мухаметшин,1.69897
мучительный,1.52288
мцыри,2.0
мы,0.0
мыс,2.0
мысленный,2.0
мыслить,1.69897
мысль,0.65758
мышкин,2.0
мышление,2.0
мышь,2.0
мэри,2.0
мягкий,2.0
мягкость,2.0
мякоть,2.0
мёртвый,1.39794
набег,1.52288
набегаться,2.0
наблюдатель,1.69897
наблюдать,1.22185
наблюдаться,1.69897
наблюдение,2.0
набрать,2.0
набраться,2.0
наброситься,2.0
навевать,2.0
наверняка,2.0
навещать,1.52288
навеять,2.0
навигация,2.0
нависнуть,2.0
навлекать,2.0
наводить,1.69897
навредить,2.0
навсегда,1.0
навстречу,2.0
навык,2.0
навязывать,2.0
наглый,2.0
наглядно,2.0
нагой,2.0
награда,2.0
наградить,1.52288
награждать,2.0
надежда,0.50864
наделить,1.52288
наделять,2.0
надеть,1.39794
надеяться,1.1549
надзор,2.0
надо,1.39794
надолго,2.0
наедине,2.0
назад,0.00436
название,1.1549
названый,1.69897
назвать,0.76955
назимов,1.69897
назревать,2.0
называть,1.0
называться,1.69897
наиболее,1.39794
наизусть,2.0
наиль,2.0
найти,0.74473
наказ,1.69897
наказание,1.69897
наказать,1.52288
наказывать,1.39794
накал,2.0
накануне,2.0
наклонить,2.0
накопить,2.0
накопиться,1.69897
накормить,2.0
наличие,1.69897
наложница,2.0
налюбоваться,2.0
намекать,1.69897
намеренно,2.0
намного,1.39794
намолоть,2.0
намёк,2.0
нанимать,2.0
наоборот,1.69897
нападать,1.69897
напарник,2.0
напасть,2.0
напечатать,1.39794
написание,0.72125
написать,0.0
наплевать,1.52288
наполеон,1.69897
наполнение,2.0
наполнить,0.95861
наполнять,2.0
напоминать,1.30103
напор,2.0
напоследок,2.0
направить,1.22185
направиться,2.0
направление,1.69897
направляться,2.0
напрасный,2.0
напряжённость,1.22185
напрямую,2.0
нарвал,2.0
наречие,1.30103
наречённый,2.0
нарисовать,1.30103
наркоз,2.0
народ,1.1549
народный,0.85387
нарочитый,2.0
нарушать,1.69897
нарушение,2.0
нарушить,2.0
наряд,1.52288
нарядный,1.69897
наряду,1.69897
наряжать,1.69897
наседкина,2.0
насекомое,2.0
население,1.69897
насильно,2.0
насколько,1.39794
наслаждаться,1.69897
наслаждение,1.69897
наследие,2.0
наследство,2.0
насретдинов,2.0
наставить,2.0
наставление,2.0
настасья,1.69897
настенёк,1.69897
настигнуть,2.0
настолько,1.52288
настороженно,2.0
настоять,2.0
настоящий,0.36653
настроение,1.04576
настроить,2.0
наступать,1.30103
наступить,1.69897
наступление,1.52288
настя,1.39794
насыров,2.0
насытить,2.0
насыщенный,1.69897
наталия,1.69897
наталкивать,2.0
наталья,1.04576
наташа,1.69897
натиск,2.0
наткнуться,1.69897
натуральный,2.0
натюрморт,2.0
наука,1.52288
наумов,2.0
научить,1.39794
научиться,1.1549
научный,2.0
наущение,2.0
находить,0.92082
находиться,0.67778
находчивость,2.0
нахождение,1.69897
национальный,1.69897
нация,2.0
начало,0.85387
начальник,2.0
начать,0.11351
начаться,1.52288
начинать,1.0
начинаться,1.09691
начинающий,2.0
наш,0.34679
небесный,1.52288
неблагодарный,2.0
небо,1.69897
небогатый,2.0
небольшой,0.85387
небрежно,2.0
небылица,2.0
невербальный,2.0
невероятно,1.39794
невероятный,2.0
невесело,2.0
невеста,1.52288
невестка,2.0
невесёлый,1.52288
невзгода,2.0
невзлюбить,2.0
невидимый,1.69897
невинный,1.69897
невнимание,2.0
невозможно,1.52288
невозможность,2.0
невозможный,2.0
невольный,2.0
неволя,1.69897
невредимый,1.69897
невский,2.0
нега,1.69897
негативный,1.52288
неглупый,2.0
недалеко,1.69897
недаром,1.30103
неделя,0.00436
недовольный,2.0
недолго,2.0
недолюбливать,2.0
недоросль,2.0
недостаток,1.52288
недостижимый,2.0
недра,2.0
недуг,2.0
недюжий,2.0
недюжинный,1.52288
нежно,1.69897
нежность,1.69897
нежный,1.52288
независимо,2.0
независимость,2.0
незадолго,1.69897
незаменимый,2.0
незамысловатый,2.0
незатейливый,1.69897
неземной,1.69897
незнакомец,2.0
незнакомый,2.0
неизбежно,2.0
неизбежный,1.52288
неизведанный,1.69897
неизвестный,1.30103
неизменно,2.0
неизменный,1.69897
неизученный,2.0
неинтересный,2.0
неиссякаемый,2.0
неисчерпаемый,2.0
некий,2.0
некогда,2.0
некого,2.0
некоторый,1.0
некрасивый,2.0
некрасов,1.39794
неласковый,2.0
нельзя,1.1549
нелюдимый,1.39794
немало,1.52288
немедленно,1.69897
немецкий,1.69897
неминуемый,2.0
немка,2.0
немногие,2.0
немного,1.52288
немножко,2.0
немой,0.95861
немолекулярный,2.0
немытый,1.39794
ненавидеть,2.0
ненавистный,2.0
ненависть,1.69897
ненавязчивый,2.0
ненароком,2.0
необитаемый,2.0
необходимо,1.39794
необходимость,1.39794
необходимый,1.09691
необъятный,2.0
необыкновенный,1.69897
необычность,2.0
необычный,1.69897
неоднозначность,2.0
неожиданно,1.30103
неоконченный,1.69897
непередаваемый,2.0
неплохой,2.0
неповторимый,1.52288
неподалёку,2.0
неподвластный,2.0
неподготовленный,2.0
неподдающийся,2.0
неподдельный,1.69897
непомерный,2.0
непонимание,2.0
непонятный,1.69897
непослушный,2.0
непосредственный,1.52288
непременно,2.0
непривычный,2.0
неприглядность,2.0
неприглядный,2.0
непринуждённость,2.0
неприятно,2.0
неравнодушный,1.52288
неравный,2.0
нерадивость,2.0
неразрывно,2.0
нервный,1.22185
нередко,2.0
неретина,1.69897
несказанно,2.0
несколько,0.61979
нескоро,2.0
нескрываемый,2.0
неслучайно,2.0
несметный,2.0
несовершенный,1.69897
несогласованный,2.0
неспешный,2.0
неспособный,2.0
нестеров,2.0
нести,1.04576
нестись,2.0
нестрелять,2.0
неструева,2.0
несчастливый,2.0
нет,0.82391
нетерпеливый,0.48149
неточный,2.0
нетрудно,2.0
неудачный,2.0
неуловимый,2.0
неумелый,2.0
неунывающий,2.0
неусидчивый,2.0
неуёмный,2.0
нечего,2.0
нечеловеческий,2.0
нечистый,1.52288
нигде,2.0
нигилист,2.0
низкий,1.69897
низменный,2.0
низовье,2.0
низость,2.0
ник,2.0
никак,1.69897
никакой,1.04576
никанор,2.0
никита,1.09691
никитин,1.69897
никогда,0.76955
николаев,2.0
николаевич,0.00436
николай,1.04576
николенька,2.0
никольский,1.69897
никоноров,2.0
никто,0.92082
никулин,2.0
нисколько,2.0
нитенко,1.69897
нить,1.69897
ничего,1.04576
ничто,2.0
нищета,1.69897
нищий,1.39794
нн,1.52288
новиков,1.69897
новость,1.69897
новый,0.0
новь,2.0
нога,1.1549
нож,2.0
ноздрево,2.0
номер,1.52288
ноон,2.0
нормальный,1.69897
нос,2.0
носить,1.30103
носов,1.30103
ностальгировать,2.0
ностальгический,2.0
ностальгия,1.69897
ночевать,2.0
ночной,1.52288
ночь,1.0
ночью,1.52288
нрав,2.0
нравиться,1.0
нравственно,2.0
нравственный,0.76955
нуждаться,1.69897
нужно,0.65758
нужный,1.52288
нутро,2.0
нынешний,1.69897
няня,1.39794
оба,1.69897
обаяние,2.0
обвиваться,2.0
обед,2.0
обеднеть,2.0
обездолить,2.0
обезьянка,2.0
оберегать,1.69897
обеспечение,2.0
обеспечивать,2.0
обеспечить,1.69897
обещание,1.69897
обещать,1.39794
обида,2.0
обидеть,1.69897
обилие,1.69897
обитание,1.52288
обитатель,1.52288
обитать,2.0
обитель,2.0
обладать,0.92082
облако,2.0
облачный,2.0
облегчить,1.69897
облезлый,2.0
облетать,2.0
облизывать,2.0
облик,2.0
обличать,2.0
облокотить,2.0
обломов,2.0
обломовщина,2.0
обман,2.0
обманный,2.0
обмануть,1.69897
обманчивый,2.0
обманщик,2.0
обманывать,1.69897
обморозить,2.0
обнаружить,1.69897
обновить,0.63827
обновление,1.69897
обнять,2.0
обобщать,2.0
обоз,2.0
обойти,2.0
оболочка,2.0
оборванец,2.0
оборвать,1.69897
оборонять,2.0
оборот,2.0
образ,0.20761
образец,1.30103
образность,1.69897
образный,1.69897
образовак,0.0
образование,1.52288
образовать,2.0
обрамление,2.0
обрамлять,2.0
обратить,1.69897
обратиться,2.0
обратно,2.0
обратный,2.0
обращать,1.39794
обращаться,1.09691
обращение,1.22185
обрести,1.30103
обретать,2.0
обречь,1.69897
обрисовать,2.0
обрисовка,2.0
обруч,2.0
обстановка,2.0
обстоятельство,1.69897
обсуждать,1.69897
обусловить,2.0
обустроить,2.0
обучать,1.69897
обучение,1.52288
обходить,1.69897
обходиться,2.0
общаться,2.0
общение,0.00436
общественный,0.82391
общество,1.30103
обществознание,0.0
общечеловеческий,2.0
общий,0.0
общительный,2.0
объединение,2.0
объединить,1.69897
объединиться,2.0
объединять,1.52288
объездить,2.0
объект,2.0
объемлет,1.39794
объяснять,2.0
объясняться,1.69897
объём,2.0
объёмный,2.0
обыденный,2.0
обычно,1.69897
обычный,1.1549
обязанность,0.95861
обязательно,1.52288
обязательный,2.0
овощ,2.0
овчинников,2.0
огонь,1.69897
огромный,0.79588
огудалов,2.0
ода,1.69897
одаривать,1.69897
одарить,1.52288
одарённый,2.0
одевать,1.69897
одеваться,2.0
одежда,2.0
оделить,2.0
одерживать,2.0
одетый,1.69897
одеться,2.0
один,0.26761
одинаковый,1.69897
одиннадцатилетний,2.0
одиннадцать,2.0
одинокий,1.30103
одиноко,1.69897
одиночество,2.0
одинцов,2.0
однажды,1.30103
одновременно,1.69897
однозначный,2.0
одноимённый,1.69897
одноклассница,2.0
однородный,2.0
односложный,2.0
односоставной,2.0
одночастный,1.52288
одолевать,2.0
оживать,2.0
оживить,2.0
оживление,2.0
ожидание,1.69897
ожидать,2.0
озеро,1.0
озлобить,1.69897
ознакомиться,0.63827
озорник,2.0
озорной,1.69897
озёрный,2.0
оказать,1.69897
оказаться,0.67778
оказывать,1.52288
оказываться,1.04576
оканчивать,2.0
океан,1.39794
окисление,1.69897
окно,1.30103
окова,2.0
окончание,1.30103
окончательно,1.69897
окончательный,2.0
окошко,1.69897
окрас,2.0
окраска,2.0
окрашиваться,2.0
окрестность,1.69897
окровавленный,2.0
окружать,1.52288
окружающие,1.69897
окружающий,0.0
окружение,1.69897
окружный,1.69897
оксана,2.0
октябрь,1.69897
олег,1.39794
олеся,2.0
олеша,1.69897
олицетворение,0.95861
олицетворять,1.52288
олоть,2.0
ольга,1.04576
омут,1.69897
омыть,2.0
он,0.0
она,0.1549
онегин,2.0
они,0.13077
онлайн,1.69897
оно,0.65758
оноре,2.0
онтогенез,1.69897
опадать,2.0
опасаться,2.0
опасность,1.69897
опасный,1.39794
опека,2.0
опекать,2.0
опекун,2.0
описание,0.22915
описательный,1.69897
описать,0.82391
описывать,0.74473
описываться,0.88606
опора,2.0
опостылеть,2.0
оправдание,2.0
определение,1.69897
определить,1.39794
определиться,2.0
определять,1.69897
определяться,2.0
определённый,1.22185
опричник,2.0
опровергнуть,2.0
опрятный,2.0
опубликовать,1.1549
опускать,1.52288
опустеть,2.0
опустить,2.0
опуститься,2.0
опушка,2.0
опыт,0.46852
опытный,2.0
оранжевый,2.0
орган,2.0
организация,1.69897
организм,2.0
организоваться,2.0
организовывать,2.0
органический,2.0
орех,1.39794
оригинально,2.0
оригинальность,2.0
оригинальный,1.0
ориентация,2.0
ориентир,2.0
ориентироваться,2.0
орудие,1.69897
оружие,2.0
оруэлл,1.69897
орфографический,0.0
освещать,1.69897
освободить,2.0
освобождать,2.0
освобождаться,2.0
освобождение,1.69897
освоить,2.0
освященность,2.0
осенний,1.52288
осень,1.0
осип,2.0
осипович,2.0
осиротелый,2.0
осколок,1.69897
оскорбить,2.0
оскорблять,2.0
ослабить,2.0
ослабление,2.0
ослушаться,1.69897
осмысление,2.0
основа,1.09691
основание,2.0
основать,1.0
основное,1.52288
основной,0.67778
основный,0.82391
основываться,2.0
особенно,1.39794
особенность,1.09691
особенный,1.30103
особо,2.0
особый,0.74473
осознание,1.69897
осознанный,2.0
осознать,1.69897
оставаться,0.92082
оставить,0.76955
оставлять,1.30103
остальной,1.39794
останавливаться,2.0
останки,2.0
остановиться,1.69897
остап,2.0
остаться,0.82391
осторожно,2.0
осторожный,2.0
остро,1.69897
остров,1.69897
островок,2.0
островский,1.30103
острый,1.52288
осуждать,2.0
осуществить,1.52288
осуществляться,2.0
осянин,2.0
отвага,1.39794
отваживаться,2.0
отважно,2.0
отважный,1.1549
отвести,1.52288
ответ,0.63827
ответный,1.69897
ответственно,2.0
ответственность,1.30103
ответственный,2.0
отвечать,0.00436
отвлекать,2.0
отвлечь,2.0
отвлечься,2.0
отводить,2.0
отголосок,2.0
отгонять,1.69897
отдавать,1.39794
отдаваться,2.0
отдать,1.09691
отдельный,1.1549
отделять,1.69897
отдохнуть,2.0
отдых,1.52288
отдыхать,1.69897
отец,0.60206
отечественный,0.95861
отечество,2.0
отзыв,1.69897
отзываться,2.0
отзывчивый,1.39794
отказ,2.0
отказаться,1.30103
отказывать,2.0
отказываться,1.22185
отклик,2.0
откровение,1.69897
откровенно,2.0
откровенный,1.69897
открывать,1.52288
открываться,1.69897
открытие,1.69897
открыто,2.0
открытый,1.52288
открыть,1.69897
откуда,2.0
отличать,1.39794
отличаться,0.69897
отличие,1.39794
отличительный,1.52288
отличить,2.0
отличный,1.39794
отметить,1.69897
отмечать,1.52288
отнестись,1.52288
относиться,0.61979
отношение,0.48149
отныне,2.0
отображение,1.69897
отобразить,2.0
отобразиться,1.69897
отобрать,2.0
отогнать,2.0
отозваться,2.0
отомстить,2.0
отпеть,2.0
отпечаток,2.0
отправить,1.1549
отправиться,1.09691
отправлять,1.30103
отправляться,1.04576
отпугивать,2.0
отпуск,2.0
отпускать,1.69897
отрада,2.0
отрадное,2.0
отражать,2.0
отражение,1.69897
отражённый,1.69897
отразить,1.69897
отразиться,1.52288
отрезать,2.0
отрешаться,2.0
отрешиться,2.0
отрицательный,0.95861
отрывать,2.0
отрывок,2.0
отставка,1.69897
отставной,2.0
отстранить,2.0
отступить,2.0
отступление,2.0
отсутствие,1.39794
отсутствовать,2.0
отсылка,1.69897
оттенок,2.0
оттенять,2.0
оттуда,2.0
отходить,2.0
отцовский,1.52288
отчий,1.69897
отчётливо,2.0
отъявленный,2.0
отыскать,1.52288
офицер,1.39794
охватывать,1.30103
охота,1.69897
охотиться,2.0
охотник,1.69897
охранять,1.69897
охт,2.0
оценивать,1.39794
оцениваться,2.0
оценить,1.69897
оценка,0.46852
очарование,2.0
очаровательный,2.0
очаровать,2.0
очевидец,1.69897
очевидный,2.0
очень,0.04096
очередной,2.0
очередь,1.39794
очерк,0.0
очерковый,2.0
очернить,2.0
очистить,2.0
очищаться,1.69897
ошеломительный,2.0
ошибка,2.0
ощипывать,2.0
ощутить,1.52288
ощущать,1.69897
ощущаться,1.52288
ощущение,1.30103
павел,1.52288
павлик,2.0
павлович,2.0
павлуша,2.0
палата,1.69897
палка,2.0
палочка,2.0
палуба,2.0
пальча,1.22185
памятник,1.69897
память,1.39794
пан,2.0
паниковать,1.69897
панически,2.0
панк,1.69897
панкрат,2.0
панночка,2.0
панорамный,2.0
пансионат,2.0
пантелеев,1.69897
папа,1.69897
пара,1.69897
парадное,2.0
параллелизм,2.0
параллель,2.0
парень,2.0
париж,2.0
парка,2.0
партизанский,2.0
парус,2.0
парыгин,2.0
пасечник,2.0
пасмурный,2.0
пастернак,1.39794
пасть,1.69897
патриотизм,1.52288
патриотический,1.52288
патрон,1.69897
патронаж,2.0
паустовский,1.52288
пафосный,2.0
пахарь,1.69897
пахнуть,2.0
пация,2.0
певец,2.0
певица,2.0
пейзаж,1.30103
пейзажный,1.0
пение,2.0
первый,0.37675
пергаев,2.0
перевезти,1.69897
перевозчик,2.0
переворачивать,2.0
переворот,1.39794
перегрызать,2.0
передавать,1.04576
передать,1.09691
передача,1.09691
переделывать,2.0
передний,2.0
передовой,1.69897
переезжать,2.0
переехать,2.0
переживание,1.52288
переживать,0.95861
пережитое,2.0
пережить,1.39794
перезвон,2.0
перейти,1.52288
перекладывать,1.69897
перекликаться,1.52288
переключать,2.0
переключиться,2.0
перекрёстный,0.74473
перемена,1.69897
переменчивый,2.0
перемещаться,2.0
перенаправлять,2.0
перенести,2.0
переносить,1.69897
переноситься,2.0
переносный,2.0
перенять,2.0
переосмысливать,2.0
переписать,2.0
переписка,1.69897
переписывать,1.69897
переплести,2.0
переплетать,2.0
переплетаться,2.0
переполнить,2.0
переселяться,2.0
пересказ,1.04576
переставать,1.39794
перестать,1.69897
переступать,2.0
переход,1.69897
переходный,2.0
перечислить,2.0
перечислять,1.69897
период,0.85387
периодизация,1.69897
перо,2.0
перро,1.39794
персона,1.69897
персонаж,0.49485
песня,1.39794
пестрить,2.0
петербург,1.69897
петербургский,1.52288
петров,1.69897
петрович,1.22185
петрухин,1.69897
петь,1.39794
петя,2.0
печаль,1.69897
печально,2.0
печальный,1.1549
печать,1.69897
печорин,2.0
печь,2.0
пешком,1.69897
пещера,2.0
пивовар,2.0
пик,2.0
пиковый,1.69897
пилат,2.0
пимкина,2.0
пир,2.0
пиратский,2.0
пиррихий,1.69897
писатель,0.82391
писательница,2.0
писать,0.61979
писаться,0.74473
письменный,2.0
письмо,0.56864
питание,2.0
питаться,2.0
питерский,2.0
питомец,2.0
пишущий,2.0
пища,2.0
пищевой,2.0
плав,2.0
плакать,0.95861
план,0.03621
планета,1.69897
пластово,1.69897
плата,2.0
платить,1.69897
платов,2.0
платон,2.0
платонов,0.63827
платье,1.52288
плачущий,2.0
плед,2.0
племя,2.0
племянник,2.0
плен,1.22185
пленительный,2.0
пленить,2.0
пленник,1.09691
плестись,2.0
плечо,1.52288
плещеев,0.82391
плодотворный,1.69897
плоский,2.0
плотицин,2.0
плотников,2.0
плотный,1.69897
плохо,1.39794
плохой,1.69897
плюс,1.69897
плюшкина,2.0
плясать,2.0
побаиваться,1.69897
побег,1.30103
победа,1.39794
победитель,2.0
победить,2.0
побеждать,1.30103
поблагодарить,2.0
побороться,2.0
побояться,1.39794
побывать,2.0
повадка,2.0
поведение,1.04576
повелитель,2.0
поверить,2.0
повернуть,2.0
поверье,2.0
повеса,2.0
повествование,0.85387
повествователь,2.0
повествовательный,2.0
повествовать,1.52288
повести,2.0
повесть,0.82391
повзрослеть,2.0
повиноваться,2.0
повлиять,1.52288
повод,1.30103
поволжье,2.0
повредить,1.69897
повстречать,2.0
повстречаться,2.0
повсюду,2.0
повтор,2.0
повторение,1.69897
повторить,2.0
повторять,1.69897
повышенный,2.0
повязать,2.0
погибать,2.0
погибнуть,1.52288
погладить,1.69897
поглотить,2.0
погнаться,1.69897
поговорить,2.0
поговорка,2.0
погода,1.39794
погорельский,1.69897
погрести,2.0
погружать,2.0
погрузить,2.0
погубить,2.0
подавать,2.0
подарить,1.69897
подарок,1.69897
подать,1.69897
подача,2.0
подвал,2.0
подвергать,1.69897
подвергаться,1.69897
подвиг,0.42022
подвижный,2.0
подводить,2.0
подготовить,0.48149
подготовиться,1.52288
подготовка,0.63827
поддаваться,1.52288
поддать,2.0
поддаться,2.0
поддержать,1.69897
поддерживать,1.52288
поддержка,2.0
поделить,2.0
поделиться,1.69897
подземелье,1.52288
подземный,1.30103
подкармливать,1.39794
подлежащее,2.0
подленький,2.0
подлинный,2.0
подло,2.0
подлость,2.0
подлый,1.39794
подмечать,1.69897
подневольный,2.0
поднимать,1.52288
поднять,1.39794
подняться,2.0
подобие,1.69897
подобный,1.39794
подобострастно,2.0
подобрать,1.69897
подойти,1.39794
подолгу,2.0
подписать,2.0
подпись,2.0
подпускать,1.52288
подрабатывать,2.0
подразумевать,2.0
подразумеваться,2.0
подробно,2.0
подробность,2.0
подробный,1.04576
подросток,1.69897
подружиться,1.69897
подружка,2.0
подряд,1.69897
подспорье,2.0
подставить,2.0
подставлять,2.0
подстрелить,1.69897
подталкивать,2.0
подтверждать,2.0
подтверждение,1.69897
подтекст,2.0
подтолкнуть,2.0
подходить,1.69897
подходящий,2.0
подчеркнуть,1.69897
подчинение,2.0
подчинительный,2.0
подчинить,2.0
подчиниться,1.52288
подчиняться,1.39794
подчинённый,1.69897
подчёркивать,1.22185
подчёркиваться,1.39794
подшутить,2.0
поездка,1.69897
поесть,2.0
поехать,1.69897
пожалеть,1.52288
пожар,1.30103
пожелание,2.0
пожелтеть,2.0
пожилое,2.0
пожилой,1.22185
поза,2.0
позабыть,1.52288
позариться,2.0
позвать,1.69897
позволить,1.04576
позволять,0.76955
поздний,1.09691
поздно,1.69897
позитивный,1.69897
позиция,1.69897
познавать,2.0
познакомиться,1.30103
поиграть,2.0
поиск,1.04576
поисковый,2.0
поймать,1.52288
пойти,0.95861
пока,1.0
показ,2.0
показать,0.76955
показаться,2.0
показывать,0.76955
показываться,2.0
покидать,1.30103
покинутый,2.0
покинуть,1.30103
покладистый,2.0
поклонник,2.0
поклоняться,2.0
покой,1.52288
покойный,2.0
поколачивать,2.0
поколение,1.22185
покоритель,2.0
покормить,2.0
покоряться,2.0
покров,1.52288
покрывать,2.0
покрытосеменной,1.69897
покупной,2.0
полдник,2.0
поле,0.65758
полевой,1.30103
полезно,2.0
полезный,0.40894
ползти,2.0
полилог,2.0
полина,0.72125
политик,2.0
политика,0.0
политический,1.69897
полка,1.52288
полковник,1.52288
полли,2.0
полно,1.69897
полностью,0.49485
полнота,2.0
полноценный,2.0
полный,0.0
половина,2.0
половой,2.0
положение,1.1549
положительно,2.0
положительный,0.88606
положить,2.0
положиться,2.0
полозов,2.0
полонский,2.0
полтава,2.0
полтора,2.0
полуденный,1.69897
полумаска,2.0
полупрозрачный,2.0
получать,1.09691
получаться,2.0
получение,1.0
получить,0.37675
получиться,1.52288
польза,1.52288
пользовательский,0.0
пользоваться,1.1549
полюбить,2.0
полюс,2.0
поляна,2.0
полянка,1.69897
поместить,2.0
поместье,1.69897
помечтать,2.0
помещаться,2.0
помещик,1.69897
помещичий,2.0
поминутно,2.0
помнить,1.0
помогать,0.58503
помочь,0.00436
помощник,0.0
помощница,2.0
помощь,0.58503
помчаться,2.0
помыть,2.0
помянуть,2.0
поначалу,2.0
понедельник,2.0
поникнуть,2.0
понимание,1.22185
понимать,1.30103
понравиться,1.52288
понтия,2.0
пончик,2.0
понятие,2.0
понятно,2.0
понятный,1.39794
понять,0.82391
пообщаться,2.0
попадать,1.39794
попасть,0.14267
попасться,2.0
поплавать,2.0
поплакать,2.0
попов,1.04576
попробовать,2.0
попросить,1.69897
попрощаться,2.0
популярность,2.0
популярный,0.14874
попусту,1.69897
попутешествовать,2.0
попутка,2.0
попытать,2.0
попытаться,2.0
попытка,1.69897
пора,1.09691
порадовать,2.0
поражать,1.39794
поражаться,2.0
поражение,2.0
поразить,1.69897
поразиться,2.0
порвать,1.69897
порезвиться,2.0
порка,2.0
породистый,2.0
порой,1.39794
порок,1.69897
порою,1.69897
портрет,1.04576
портретный,2.0
портянка,2.0
поручать,2.0
поручение,2.0
порфененко,1.52288
порфирий,2.0
порционный,2.0
порядок,1.30103
посвятить,0.92082
посвящать,1.52288
поселить,2.0
поселиться,1.69897
посетитель,2.0
посетить,2.0
посещать,2.0
посещение,2.0
послать,2.0
последний,0.0
последовательно,1.30103
последовать,2.0
последующий,2.0
послужить,1.52288
послушаться,2.0
посмертно,2.0
посмеяться,1.69897
посмотреть,1.09691
поспешить,2.0
поставить,0.49485
постараться,2.0
постель,2.0
постепенно,1.30103
постоянно,1.0
постоянный,1.39794
постоять,1.69897
пострадать,2.0
построить,1.1549
постулат,1.69897
поступать,1.52288
поступить,1.52288
поступок,0.92082
поступь,2.0
постучаться,2.0
посчитать,1.69897
посылать,1.69897
потакание,2.0
потапов,2.0
потемнеть,2.0
потерпеть,1.52288
потеря,1.69897
потерянный,1.52288
потерять,1.52288
потеряться,2.0
потешать,2.0
потешный,2.0
потом,1.22185
потомок,2.0
потому,0.88606
потратить,2.0
потребовать,2.0
потрясать,2.0
потрясение,2.0
поттер,2.0
потускнеть,2.0
потусторонний,2.0
потчевать,2.0
поучительный,1.52288
поучиться,2.0
похвала,2.0
похитить,1.69897
похищать,2.0
похищение,2.0
поход,1.30103
похождение,2.0
похоже,2.0
похожий,1.39794
поцелуй,2.0
почва,1.52288
почему,0.76955
почесть,2.0
починить,2.0
почитать,2.0
почтенный,2.0
почти,1.04576
почтительный,2.0
почтовый,2.0
почувствовать,1.52288
пошептаться,2.0
пошить,2.0
пошутить,2.0
пощадить,2.0
поэзия,2.0
поэма,1.09691
поэт,0.5376
поэтесса,2.0
поэтический,1.0
поэтичность,2.0
поэтому,0.52288
появиться,1.0
появление,2.0
появляться,1.1549
пояс,1.69897
пра,2.0
прабабушка,2.0
правда,1.69897
правдин,2.0
правило,1.22185
правильно,1.0
правитель,2.0
правительница,2.0
править,1.69897
правление,1.09691
право,0.88606
правоотношение,2.0
правописание,1.39794
православие,2.0
православный,2.0
праздник,1.69897
праздноваться,2.0
практика,2.0
практически,1.69897
практичный,2.0
прачка,1.69897
пребывание,1.39794
пребывать,1.69897
превозмогать,2.0
превосходство,1.69897
превратиться,1.09691
превращать,2.0
превращаться,1.09691
превращение,1.52288
превышать,2.0
превыше,2.0
преграда,1.69897
предавать,2.0
предаваться,1.69897
преданность,1.39794
преданный,2.0
предательство,1.69897
предать,1.09691
предвещать,2.0
предвидеть,2.0
предвкушение,2.0
предел,1.39794
предлагать,0.72125
предлагаться,2.0
предлог,2.0
предложение,0.65758
предложить,1.39794
предмет,0.0
предназначить,1.69897
предоставить,2.0
предоставляться,2.0
предостерегать,2.0
предполагать,1.30103
предположительно,2.0
предпоследний,1.52288
предпосылка,2.0
предпочесть,2.0
предпринимательский,2.0
предпринимать,2.0
предрекать,2.0
предречь,2.0
предсказание,1.69897
предсказать,2.0
предсказывать,2.0
предсмертный,2.0
представать,1.30103
представитель,1.30103
представительница,2.0
представить,1.0
представление,2.0
представлять,1.04576
представляться,2.0
предстоящий,2.0
предупредить,2.0
предупреждать,2.0
предусмотрительно,2.0
предчувствие,1.52288
предыдущий,2.0
прежний,1.39794
презентация,0.0
преклонный,2.0
преклоняться,2.0
прекрасно,1.69897
прекрасный,0.45593
прекратить,1.69897
прекратиться,2.0
прекращать,2.0
прелесть,1.52288
пренебрегать,2.0
пренебрежение,2.0
преобладать,1.52288
преображение,2.0
преображенский,2.0
преобразование,2.0
преодолевать,1.69897
преодоление,2.0
преодолеть,1.69897
препинание,1.39794
преподаватель,1.69897
преподавать,1.69897
препятствие,1.52288
пресмыкаться,2.0
преступление,2.0
прибегать,1.69897
прибегнуть,2.0
прибежать,1.39794
прибирать,1.69897
приближать,2.0
приближение,2.0
приблизить,2.0
прибывать,2.0
привезти,0.76955
привести,0.88606
приветствовать,2.0
привлекать,1.52288
привлечь,1.52288
приводить,1.52288
привозить,2.0
привыкнуть,1.1549
привычка,1.69897
привычный,1.52288
привязанность,1.39794
привязать,1.52288
привязаться,1.69897
привязывать,2.0
привязываться,1.69897
привязь,1.69897
пригласить,1.69897
приглядывать,2.0
приговор,2.0
пригодиться,1.39794
приготовить,2.0
придавать,1.09691
придание,1.69897
придать,1.52288
придерживаться,2.0
придумать,2.0
придумывать,1.39794
приезд,1.69897
приезжать,2.0
приехать,1.52288
прижаться,2.0
призвание,2.0
призвать,1.69897
призма,2.0
признаваться,1.69897
признак,1.39794
признание,1.52288
признать,2.0
призыв,2.0
призывать,2.0
прийти,0.85387
прийтись,0.85387
приказ,1.30103
приказание,1.69897
приказать,1.09691
приказчик,1.69897
приказывать,1.22185
приключаться,2.0
приключение,1.04576
приключенческий,2.0
приключиться,2.0
приковать,2.0
прикоснуться,1.69897
прикрыть,2.0
прилавок,2.0
прилагательное,1.0
прилететь,1.69897
прилив,2.0
применение,1.69897
применить,2.0
применять,2.0
пример,0.82391
примерить,2.0
примерно,2.0
принадлежать,1.22185
принакрыть,2.0
принакрыться,2.0
принести,0.95861
принимать,0.95861
приниматься,1.69897
приносить,0.85387
принц,1.39794
принцесса,1.52288
принцип,2.0
принципиальный,2.0
принятие,2.0
принять,1.1549
приобрести,1.52288
приобретатель,2.0
приобретать,1.69897
приоритет,1.69897
приоткрыть,2.0
приподнять,1.69897
природа,0.5376
природный,0.85387
приручить,2.0
присесть,1.69897
прислать,0.00436
прислужник,2.0
прислушаться,2.0
прислушиваться,1.52288
приставка,1.69897
приступать,2.0
приступить,2.0
присутствие,2.0
присутствовать,1.69897
присущий,1.69897
присылать,2.0
приучать,1.69897
приход,1.39794
приходить,1.04576
приходиться,1.22185
прихоть,1.30103
причалить,2.0
причастие,1.52288
причастный,1.69897
причина,1.1549
причинить,1.69897
причинять,1.52288
приютить,1.69897
приятель,1.69897
приятный,1.39794
приём,1.22185
приёмный,1.69897
проанализировать,2.0
пробить,2.0
проблема,1.22185
проблематика,1.39794
пробудить,2.0
пробуждать,1.69897
пробуждаться,1.69897
пробуждение,1.52288
проваливаться,2.0
проведение,2.0
проверка,2.0
проверочный,0.0
проверять,1.69897
провести,1.30103
провидец,2.0
проводить,0.92082
проводник,1.69897
прогнать,1.69897
прогонять,1.69897
программа,1.69897
программист,2.0
продавать,2.0
продать,1.39794
продвигаться,2.0
проделка,2.0
продемонстрировать,1.39794
продлиться,2.0
продовольственный,2.0
продовольствие,2.0
продолжать,1.30103
продолжаться,1.69897
продолжение,2.0
продолжить,1.69897
продукт,2.0
проект,0.0
прожить,1.52288
проза,2.0
прозаический,1.69897
прозвание,1.1549
прозвище,1.69897
прозвучать,2.0
прозрачный,2.0
проиграть,2.0
произведение,0.0
производная,2.0
произойти,1.22185
происходить,0.85387
происхождение,1.52288
происшествие,2.0
пройти,0.11351
прокормить,2.0
прокофьев,1.1549
пролетать,1.69897
проливать,2.0
промахнуться,2.0
промедление,2.0
промежуток,2.0
промокод,1.04576
промышленность,1.69897
промёрзлый,2.0
пронзительно,2.0
пронизать,1.69897
проникновение,2.0
проноситься,2.0
прообраз,1.69897
пропадать,2.0
пропажа,1.69897
пропасть,1.30103
прописной,1.69897
пропитать,2.0
проплывать,2.0
пропойца,2.0
пророчество,2.0
просвечиваться,2.0
просить,1.0
проситься,2.0
проскуренко,0.00436
прославить,1.69897
прославляться,2.0
прослеживаться,2.0
проснуться,1.52288
проспать,2.0
проспект,2.0
проспереть,2.0
простак,2.0
простаков,2.0
простить,2.0
проститься,1.69897
простой,0.65758
простор,2.0
просторечный,2.0
простота,1.39794
пространство,2.0
проступать,2.0
просчитывать,2.0
просыпаться,2.0
просьба,1.30103
протест,2.0
противник,2.0
противный,1.69897
противодействие,2.0
противоположность,1.69897
противоположный,1.69897
противопоставить,2.0
противопоставление,1.30103
противопоставляться,1.52288
противоречивость,2.0
противоречивый,2.0
противоречить,2.0
противостоять,1.52288
прототип,1.39794
проточный,2.0
протяжение,1.30103
протяжный,2.0
профессия,2.0
профессор,1.69897
прохладный,2.0
проходить,1.30103
прохоренко,2.0
прохоров,2.0
процесс,0.88606
прочесть,2.0
прочитать,1.39794
прочтение,0.67778
прочь,2.0
прошедшее,1.69897
прошлое,1.39794
прошлый,1.69897
прощальный,2.0
прощание,1.69897
прощать,2.0
прощаться,1.39794
прощение,2.0
проявить,1.52288
проявиться,1.52288
проявление,2.0
проявлять,1.39794
проявляться,1.39794
прямо,2.0
прямой,1.52288
прямолинейность,2.0
прямолинейный,1.69897
прямоугольный,2.0
прятать,2.0
прятаться,2.0
псевдоним,2.0
психологический,2.0
птица,1.1549
публика,1.52288
публикация,1.52288
публиковать,2.0
публицистический,2.0
пугать,1.52288
пугаться,2.0
пугачёв,2.0
пудель,2.0
пускаться,1.69897
пуститься,2.0
пустой,1.69897
пустыня,2.0
путешественник,1.69897
путешествие,1.52288
путешествовать,1.69897
путин,2.0
путник,1.69897
путь,0.82391
пуфф,2.0
пух,2.0
пушистый,1.52288
пушка,2.0
пушкин,0.72125
пушкинский,2.0
пчельник,2.0
пшеницын,2.0
пылкий,2.0
пыль,1.69897
пытаться,0.95861
пытливый,2.0
пышный,1.52288
пьер,2.0
пьеса,1.69897
пьяница,1.69897
пьяный,2.0
пятиглавый,2.0
пятистопный,2.0
пятно,1.69897
пятый,2.0
пять,1.39794
пёс,2.0
пёсик,2.0
пёстрый,1.69897
пётр,1.1549
раб,2.0
работа,0.36653
работать,0.85387
работница,2.0
рабочий,2.0
рабский,2.0
равнина,1.39794
равнодушный,1.52288
равноправный,2.0
равный,2.0
рад,1.69897
рада,1.69897
раджабов,2.0
радищев,2.0
радовать,2.0
радоваться,1.22185
радостно,2.0
радостный,1.52288
радость,0.60206
раентовый,2.0
раз,0.82391
разбить,2.0
разбойник,2.0
разбойница,1.69897
разбор,0.0
разбудить,2.0
развалины,2.0
развернуть,1.52288
развеселить,2.0
развести,1.69897
развеять,2.0
развивать,1.69897
развиваться,1.52288
развивающийся,2.0
развитие,1.22185
развлечение,2.0
разводить,2.0
развязка,1.69897
разгар,1.69897
разгневать,1.69897
разговаривать,1.52288
разговор,1.22185
разговорный,2.0
разгореться,2.0
разграбить,2.0
раздаваться,2.0
разделение,2.0
разделить,1.09691
разделяться,2.0
раздобыть,2.0
раздолбить,2.0
раздробленность,2.0
раздумье,1.52288
разжигать,2.0
разлетаться,2.0
разливаться,2.0
различие,1.69897
различный,0.76955
разложить,2.0
разлука,1.69897
разлучать,1.69897
разлучаться,2.0
разлюбить,1.69897
размер,0.63827
разместить,2.0
размножение,1.39794
размытый,1.69897
размышление,1.52288
размышлять,2.0
разновидность,2.0
разновидный,2.0
разноликий,2.0
разнообразие,1.69897
разнообразный,1.39794
разносить,2.0
разностопный,2.0
разный,0.60206
разоблачение,2.0
разобраться,1.52288
разочарование,2.0
разрезать,2.0
разрешать,2.0
разрешаться,0.0
разрешение,2.0
разрешить,1.69897
разрушать,2.0
разрушить,1.69897
разумихин,2.0
разыграться,2.0
разыгрывать,2.0
район,2.0
районный,2.0
райсман,1.69897
рак,2.0
рамазан,2.0
рамил,2.0
рамка,2.0
раневский,2.0
ранее,1.69897
ранение,2.0
раненый,1.69897
ранить,1.52288
ранний,0.95861
рано,1.52288
раскольник,2.0
раскольников,2.0
раскрашивать,2.0
раскрывать,0.95861
раскрываться,1.52288
раскрытие,1.04576
раскрытый,1.69897
раскрыть,1.30103
расплакаться,2.0
располагать,1.69897
расположение,2.0
расположить,2.0
распоряжаться,1.69897
расправиться,2.0
распределить,2.0
распространение,2.0
распространить,1.69897
распространиться,2.0
распрощаться,2.0
распутин,1.69897
рассердить,2.0
рассказ,0.34679
рассказать,1.0
рассказчик,1.30103
рассказывать,0.63827
рассказываться,1.69897
рассматривать,1.52288
рассматриваться,2.0
рассмотрение,1.30103
рассмотреть,0.61979
расставание,1.69897
расставаться,2.0
расстаться,1.39794
расстояние,2.0
расстроить,2.0
рассудительно,2.0
рассудительность,1.69897
рассудительный,1.52288
рассуждать,1.39794
рассуждение,2.0
рассчитывать,1.39794
растапливать,1.69897
растекаться,2.0
растение,0.92082
растерзание,2.0
расти,1.09691
растить,2.0
расул,1.22185
расходовать,1.69897
расцениваться,2.0
расширить,2.0
расширять,1.69897
ратновый,1.52288
ратный,2.0
рафик,2.0
рахимбай,2.0
рахманинов,2.0
рационально,2.0
рациональный,0.49485
реакция,2.0
реализация,2.0
реализовать,2.0
реализоваться,1.69897
реалистичность,2.0
реалистичный,2.0
реально,2.0
реальность,1.39794
реальный,1.1549
ребята,1.39794
ребятишки,1.69897
ребячий,2.0
ребёнок,0.72125
ревизор,2.0
ревность,2.0
революция,1.30103
регион,2.0
регистрация,0.0
регулярно,2.0
регуляция,2.0
редкий,1.69897
редко,1.30103
редколлегия,2.0
резвиться,2.0
резкий,2.0
результат,0.00436
рейтинг,0.00436
река,1.39794
рекомендовать,0.74473
религиозность,2.0
религиозный,1.52288
религия,2.0
ремарка,2.0
ремесло,2.0
репетиловый,2.0
ресурс,2.0
реформа,2.0
речевой,1.69897
речка,1.69897
речной,1.69897
речь,1.1549
решать,1.39794
решающий,2.0
решение,1.22185
решетников,1.69897
решительный,1.52288
решить,1.0
решиться,1.69897
рид,2.0
рим,2.0
рина,2.0
рисковать,2.0
рисовать,1.39794
рисоваться,1.69897
рисунок,2.0
рита,2.0
ритмика,2.0
ритмический,2.0
риторический,1.52288
рифкат,2.0
рифма,1.1549
рифмовка,1.0
роберт,2.0
робкий,1.69897
рогожина,2.0
род,1.39794
родарить,2.0
родимый,1.39794
родина,0.92082
родионович,1.69897
родитель,1.1549
родительница,2.0
родительский,1.39794
родить,1.69897
родиться,1.09691
родный,0.60206
родовой,2.0
родственник,2.0
рождать,1.69897
рождаться,2.0
рождение,1.09691
рождество,1.69897
рожь,1.69897
роза,0.95861
розно,2.0
розовый,0.85387
роковой,2.0
роль,0.95861
рома,0.00436
ромаданов,0.00436
роман,1.04576
романенков,0.00436
романтизм,1.69897
романтический,1.22185
романтично,2.0
романтичный,2.0
ромашин,2.0
ромео,2.0
роптать,2.0
российский,2.0
россия,0.0
рост,1.39794
ростислав,1.1549
ростов,2.0
ростовый,2.0
росчерк,2.0
роща,2.0
ррар,1.52288
рубаха,2.0
рубашка,2.0
рубцов,0.85387
ругать,1.69897
руденко,2.0
рудый,2.0
ружьё,1.39794
рука,0.92082
рукав,1.69897
руководитель,2.0
руководить,2.0
рукопашный,1.69897
рукопись,2.0
рупор,2.0
русалка,2.0
русалочка,2.0
руслан,1.39794
руслана,1.69897
русский,0.0
русь,1.04576
ручей,2.0
рф,2.0
рыба,1.39794
рыбак,1.30103
рыбалко,2.0
рыбацкий,1.69897
рыжий,2.0
рыцарь,2.0
ряд,1.1549
рядом,0.92082
рязанский,2.0
ряска,2.0
савелий,2.0
савельич,2.0
савенко,2.0
савинцев,2.0
сад,1.69897
садко,2.0
сажать,2.0
сазонов,2.0
сайбель,0.00436
сайдуллаев,2.0
сайт,0.0
сайтханов,1.69897
сакрий,2.0
сакс,2.0
салтана,2.0
сальери,2.0
сам,0.36653
самобытный,1.69897
самодуров,0.00436
самоиндукция,2.0
самойлов,2.0
самоотверженный,1.69897
самооценка,2.0
самопожертвование,2.0
самостоятельный,1.39794
самоубийство,2.0
самочувствие,2.0
самсон,2.0
самсонов,1.09691
самый,0.0
самышкин,2.0
сандижан,2.0
санников,1.69897
сапог,2.0
сапожников,1.69897
сатира,1.69897
сатирический,1.69897
саша,1.52288
сбавлять,2.0
сбежать,1.52288
сбить,1.69897
сбиться,2.0
сближать,1.69897
сблизиться,2.0
сбор,1.69897
сборник,0.0
сбываться,2.0
свадьба,2.0
сведение,1.52288
свежий,1.52288
свернуть,2.0
сверхъестественный,2.0
свершиться,2.0
свет,1.0
светить,2.0
светиться,2.0
светкин,2.0
светлана,1.09691
светловолосый,2.0
светлый,0.95861
светский,1.52288
светящийся,2.0
свечка,2.0
свидание,2.0
свидетель,1.39794
свидетельство,2.0
свидетельствовать,1.39794
свидригайлов,2.0
свист,2.0
свистящий,2.0
свита,2.0
свобода,1.22185
свободный,1.09691
свод,2.0
сводить,2.0
сводный,2.0
своенравный,1.69897
своеобразие,1.69897
своеобразный,1.39794
свой,0.03621
свойственный,1.52288
связанный,1.22185
связать,0.69897
связующий,2.0
связывать,2.0
связь,1.04576
святорусский,2.0
священник,2.0
сгладить,2.0
сгрызть,2.0
сдавать,2.0
сдаваться,1.52288
сдать,2.0
сдаться,2.0
сделать,0.60206
сделаться,2.0
сдержать,2.0
сдерживать,1.52288
себя,0.25964
север,1.69897
северный,1.04576
севиль,2.0
сегодня,1.69897
сегодняшний,1.69897
сей,1.1549
сейчас,1.39794
секрет,1.52288
секунда,0.00436
село,1.52288
сельский,1.52288
семейкин,2.0
семейство,1.69897
семечко,2.0
семилетний,2.0
семистрофный,2.0
семь,1.52288
семья,0.74473
семёнов,2.0
сентиментализм,2.0
сентябрь,2.0
сервантес,2.0
сервис,2.0
сергеев,2.0
сергеевич,0.85387
сергей,1.04576
сердечный,1.69897
сердитый,2.0
сердиться,2.0
сердце,0.69897
серебряков,2.0
серебряный,2.0
серенький,2.0
серов,2.0
сертакова,1.52288
серый,1.22185
серьёзно,2.0
серьёзный,2.0
серёжа,2.0
сессия,2.0
сестра,1.1549
сеттаров,2.0
сеча,2.0
сечин,2.0
сеятель,2.0
сжатый,2.0
сжать,2.0
сжечь,1.52288
сжиматься,2.0
сибирский,2.0
сид,1.69897
сидеть,1.1549
сидр,2.0
сидя,2.0
сие,2.0
сизый,2.0
сила,0.56864
силач,2.0
сильно,1.22185
сильный,0.61979
симановый,2.0
символ,1.09691
символизировать,1.69897
символика,2.0
символически,1.69897
символический,1.69897
символичный,2.0
симонов,2.0
симоново,0.74473
симпатия,2.0
синекдоха,2.0
синий,1.30103
синоним,2.0
синтаксически,2.0
синтаксический,1.52288
синь,2.0
сирень,2.0
сирота,2.0
сирченко,2.0
система,0.74473
систематический,1.69897
ситец,2.0
ситниковый,2.0
ситуация,1.69897
сияние,2.0
сказ,1.69897
сказать,1.04576
сказаться,2.0
сказка,0.67778
сказочник,2.0
сказочный,1.39794
скакова,1.69897
скалиться,2.0
скалозуб,2.0
скачать,2.0
сквозной,1.69897
скелет,1.69897
скинуть,2.0
скитаться,1.69897
складываться,1.69897
склонение,2.0
склоняться,2.0
сколько,1.69897
скоро,1.52288
скоропостижно,2.0
скорый,1.69897
скот,2.0
скотинин,2.0
скотт,1.69897
скрип,1.39794
скромный,2.0
скрутить,2.0
скрывать,1.69897
скрываться,1.39794
скрытый,1.52288
скука,2.0
скулила,2.0
скупиться,2.0
скучать,1.39794
скучно,2.0
скучный,2.0
слабость,1.39794
слабоумный,2.0
слабый,1.30103
слава,1.39794
славиться,1.69897
славный,1.69897
славянин,2.0
славянский,2.0
сладко,2.0
слаженно,2.0
след,1.52288
следить,1.30103
следовать,1.0
следствие,2.0
следующий,1.22185
слеза,1.52288
слепо,2.0
слепой,2.0
слесарёнок,2.0
сливаться,1.69897
слить,2.0
слиться,2.0
слишком,1.52288
слияние,2.0
словарь,0.0
словесность,2.0
словесный,1.39794
слово,0.0
словосочетание,1.39794
слог,2.0
сложить,2.0
сложиться,2.0
сложно,1.52288
сложносочинённый,2.0
сложный,1.0
сломаться,2.0
сломить,2.0
слуга,2.0
служба,1.52288
служить,1.1549
случаем,2.0
случай,1.04576
случайно,2.0
случайный,2.0
случаться,2.0
случиться,1.22185
слушатель,2.0
слушать,1.30103
слушаться,2.0
слыть,2.0
слышать,1.30103
слышный,2.0
смекалка,2.0
смелость,1.1549
смелый,1.04576
смена,1.22185
сменять,1.69897
смерть,0.79588
сметь,1.69897
смех,2.0
смешанный,0.88606
смешаться,2.0
смешной,2.0
смеяться,1.69897
смиренно,2.0
смирнов,2.0
смотреть,1.1549
смотреться,2.0
смотритель,2.0
смочь,0.4318
смуглый,2.0
смута,1.52288
смутный,1.39794
смысл,0.82391
смысловой,1.1549
смягчить,2.0
снабдить,2.0
снаряжать,2.0
сначала,0.92082
снег,1.69897
снегирёв,1.52288
снеговой,2.0
снегурочка,2.0
снежана,2.0
снежный,1.09691
снимать,2.0
снова,1.1549
собака,1.1549
собакевич,2.0
собачий,2.0
собачка,1.22185
собзь,1.52288
собирание,1.69897
собирательный,1.39794
собирать,1.22185
собираться,1.30103
соблюдение,2.0
соблюсти,2.0
собрание,2.0
собранный,2.0
собрать,1.09691
собраться,2.0
собственноручно,1.69897
собственность,1.69897
собственный,0.74473
событие,0.79588
совать,2.0
совершать,1.22185
совершенно,1.30103
совершить,1.09691
совесть,2.0
совет,1.39794
советовать,2.0
советский,1.52288
совместно,0.48149
совмещать,2.0
совпадать,2.0
современник,2.0
современный,1.22185
совсем,0.95861
согласие,2.0
согласиться,2.0
согласный,1.52288
соглашаться,1.69897
соглашение,0.0
согнать,1.69897
содержание,0.0
содержательный,2.0
содержать,1.1549
содеять,2.0
соединение,1.52288
соединить,2.0
соединяться,2.0
сожаление,2.0
созвать,2.0
созвучный,1.69897
создавать,0.88606
создаваться,1.52288
создание,0.5376
создатель,2.0
создать,0.79588
созерцать,1.69897
созидание,2.0
сознание,2.0
сойер,1.39794
сокол,2.0
соколов,1.69897
сократить,2.0
сокровенный,1.69897
сокровище,2.0
сокрушать,2.0
солдат,1.39794
солженицын,1.69897
солнечный,1.30103
солнце,1.1549
солнышко,1.0
соловей,2.0
соловьёв,2.0
сологуба,2.0
солома,2.0
солоухин,2.0
солох,1.69897
соль,2.0
сомневаться,2.0
сон,1.52288
сонечка,2.0
сонный,1.69897
соня,1.52288
сообразительность,2.0
сообразительный,2.0
сообщать,2.0
сообщение,1.69897
сообщить,2.0
соответствие,1.69897
соответствовать,1.30103
соперник,2.0
сопоставление,1.69897
сопровождать,1.69897
соратник,2.0
сорванец,1.69897
сорвать,2.0
сорваться,1.69897
соревноваться,2.0
сорок,2.0
сосед,2.0
соседний,2.0
сослуживец,2.0
сосредоточенно,2.0
сосредоточиться,2.0
составлять,1.52288
состояние,1.22185
состоятельный,2.0
состоять,0.63827
сострадание,1.69897
сострадательный,2.0
сосуд,2.0
соткать,2.0
сотник,2.0
сотня,1.69897
софия,1.69897
софокл,2.0
софья,1.30103
сохранить,1.69897
сохраниться,1.52288
сохранять,2.0
социальный,1.30103
социум,2.0
сочетание,1.69897
сочетаться,1.69897
сочинение,0.0
сочинять,2.0
сочный,1.52288
сочувствие,2.0
союз,1.69897
спалить,2.0
спасать,1.30103
спасаться,1.69897
спасение,1.1549
спаситель,2.0
спасти,0.95861
спастись,1.30103
спасть,1.69897
спать,1.0
спелый,2.0
спеть,2.0
специально,1.69897
специальный,1.52288
специфика,2.0
спешить,2.0
спина,2.0
списать,1.52288
список,1.52288
спиться,2.0
спица,2.0
спицын,2.0
спичка,1.69897
сплошной,2.0
спокойно,1.69897
спокойный,1.0
спонтанность,2.0
спор,1.39794
спорт,2.0
спортивный,1.69897
способ,1.39794
способность,1.0
способный,0.74473
способствовать,1.1549
справедливо,2.0
справедливость,1.52288
справедливый,1.39794
справляться,2.0
справочник,0.0
спряжение,2.0
спрятать,2.0
спрятаться,1.52288
спуститься,2.0
спячка,2.0
сравнение,0.72125
сравнивать,1.69897
сравнительно,1.69897
сравнительный,1.1549
сражение,1.30103
сразу,0.92082
среда,1.69897
среднерусский,2.0
средний,0.40894
средство,0.60206
ссориться,2.0
ссср,1.39794
ссылка,0.45593
стабильность,2.0
ставень,2.0
ставить,2.0
сталин,2.0
сталкиваться,1.52288
становиться,0.55284
становление,0.74473
станционный,2.0
станчева,2.0
старание,2.0
стараться,0.92082
старенький,2.0
старец,2.0
старик,1.22185
стариков,1.69897
старинный,1.69897
стародум,2.0
старое,1.69897
старость,2.0
старуха,1.30103
старухин,2.0
старушка,1.69897
старцев,2.0
старший,1.1549
старый,0.92082
стас,2.0
статус,2.0
стать,0.27572
статья,0.76955
стая,2.0
стебель,2.0
стекло,2.0
стеклянный,2.0
степ,2.0
степан,0.0
степанов,2.0
степанович,2.0
степень,1.69897
степь,1.52288
стеречь,2.0
стивенсон,2.0
стиль,2.0
стих,0.85387
стихия,1.69897
стихотворение,0.0
стихотворный,0.63827
сто,2.0
стоить,1.09691
стойко,2.0
стойкость,2.0
стойло,2.0
стол,2.0
столбик,2.0
столетие,2.0
столица,0.76955
столичный,1.69897
столкнуться,1.69897
столовый,2.0
столыпин,2.0
столь,1.69897
столько,1.52288
стопа,2.0
сторожить,2.0
сторона,0.95861
стоять,1.39794
страда,1.69897
страдать,1.22185
страна,0.69897
страница,1.22185
странник,2.0
странно,2.0
странный,2.0
странствие,2.0
страстно,2.0
страсть,2.0
страх,1.39794
страшный,1.30103
стрела,2.0
стреловый,1.69897
стрелять,1.30103
стремительно,2.0
стремительный,2.0
стремиться,1.09691
стремление,1.52288
стрессовый,2.0
стриж,1.52288
стрижонка,1.39794
строгий,1.69897
строго,1.69897
строгость,2.0
строение,1.52288
строить,1.69897
строиться,1.69897
строй,1.69897
стройно,2.0
строка,1.09691
строптивый,2.0
строфа,0.82391
строчка,2.0
структура,2.0
структурно,2.0
стручковый,2.0
студент,2.0
стучать,2.0
стыдиться,2.0
субхонбердий,2.0
субъективный,2.0
суд,2.0
судить,2.0
судно,2.0
судьба,0.74473
судьбинский,2.0
судья,1.39794
суеверие,2.0
суеверный,1.69897
сулейменов,2.0
султанов,2.0
сумасбродный,1.69897
суметь,1.52288
сумма,1.69897
сумрак,2.0
супруг,1.39794
суриков,1.69897
суриковый,2.0
суровый,1.22185
суслов,0.79588
сустат,2.0
сутки,2.0
сутуловатый,2.0
суть,1.69897
суханов,2.0
сухов,2.0
сухой,2.0
суша,2.0
сушковый,2.0
существенно,2.0
существо,1.30103
существование,1.69897
существовать,1.22185
существующий,2.0
сущий,1.69897
сфера,1.69897
сформулировать,2.0
схватить,1.69897
схватка,1.69897
сходить,2.0
сходство,2.0
сцена,0.82391
сценический,2.0
счастие,1.1549
счастливец,2.0
счастливый,1.09691
считать,0.95861
считаться,1.30103
счёт,2.0
съесть,1.69897
сыграть,1.52288
сын,0.82391
сыпаться,2.0
сыр,2.0
сырость,2.0
сэлинджер,2.0
сэм,1.69897
сюда,0.14874
сюжет,0.82391
сюжетный,1.69897
сюжетообразующий,2.0
табак,2.0
табакерка,2.0
таблица,1.52288
таинственный,1.52288
тайга,0.63827
тайна,1.69897
тайный,2.0
так,0.26761
таков,2.0
такой,0.27572
талант,2.0
талантливый,2.0
талисман,2.0
талый,2.0
там,0.82391
тамань,1.52288
танец,2.0
танцевать,2.0
тарас,1.39794
тарасов,0.00436
татарин,1.30103
татьяна,0.76955
таяние,2.0
таять,1.69897
твардовский,0.72125
твен,1.52288
твой,0.0
творение,1.69897
творец,1.69897
творческий,0.92082
творчество,0.74473
твёрдый,1.69897
театр,1.69897
текст,0.92082
текстовый,2.0
телеграмма,2.0
тело,1.30103
телосложение,2.0
тема,0.0
тематика,1.69897
темнота,2.0
тендряк,2.0
тень,2.0
теория,1.69897
теперь,0.92082
тепло,1.22185
тепловой,2.0
теплота,2.0
терехов,2.0
терзание,2.0
терзаться,2.0
термин,2.0
терпеть,1.69897
территория,1.69897
терять,1.22185
теснить,2.0
тесниться,2.0
тесно,1.22185
тесный,2.0
тест,0.0
технический,2.0
течение,2.0
тигр,2.0
тим,2.0
тимофеевич,2.0
тимофей,1.30103
тимошенко,2.0
тимур,1.69897
тип,2.0
типография,2.0
титов,2.0
тихий,1.52288
тихон,2.0
тихонов,2.0
тишина,1.69897
ткань,0.92082
ткачёв,1.69897
товарищ,1.09691
тогда,1.1549
толика,1.69897
толк,2.0
толкать,2.0
толпа,1.69897
толпиться,2.0
толстой,0.58503
толстый,1.69897
толстяк,2.0
толчок,1.69897
только,0.0
том,0.76955
томить,2.0
тон,1.52288
тонкий,1.22185
тонко,1.22185
тонкость,2.0
топить,1.69897
тополиный,2.0
торговать,2.0
торговец,2.0
торжественность,2.0
торжественный,1.52288
торжество,1.52288
тормозить,2.0
торопиться,2.0
торчать,2.0
тоска,1.1549
тосковать,1.30103
тот,0.13668
точка,1.1549
точно,1.30103
точный,1.69897
точёный,2.0
трава,1.69897
трагедия,1.69897
трагизм,1.69897
трагически,2.0
трагический,1.39794
трагичность,2.0
трагичный,2.0
традиционный,1.30103
традиция,1.39794
трактовать,2.0
трактовка,2.0
тратить,1.69897
требовательно,2.0
требовательный,2.0
требовать,1.39794
требоваться,2.0
трепет,2.0
трепетать,1.69897
трепетно,2.0
трепетный,2.0
третий,0.82391
третьяк,1.52288
треугольник,2.0
трехстопный,2.0
трещать,2.0
три,0.63827
тридцать,2.0
трилли,2.0
трина,2.0
тринадцатилетний,1.69897
тринадцатый,2.0
тринадцать,1.69897
трифонов,2.0
трогательный,1.52288
трогать,1.69897
трое,2.0
троекур,2.0
троекуров,2.0
троепольский,2.0
троить,2.0
тролль,2.0
троп,2.0
тропа,2.0
тропинка,1.52288
тростник,2.0
трофимов,2.0
троянец,2.0
троянский,2.0
труд,1.69897
трудиться,1.69897
трудно,1.69897
трудность,0.0
трудный,1.30103
трудовой,2.0
трудолюбивый,1.52288
трудолюбие,2.0
труженик,2.0
труппа,2.0
трусость,2.0
тугой,2.0
тугушева,2.0
туда,2.0
тукать,0.85387
туман,1.39794
турайкин,1.22185
тургенев,0.72125
туркевич,2.0
туркин,2.0
тусклый,2.0
тут,1.30103
туча,2.0
тушин,2.0
тушино,2.0
тщательно,1.52288
тщательный,1.69897
ты,0.79588
тыбурций,2.0
тыбурция,1.39794
тырина,2.0
тысяча,1.69897
тьма,2.0
тэтчер,2.0
тэффи,0.82391
тютчев,0.52288
тютчевский,2.0
тютюма,2.0
тяга,2.0
тягостный,2.0
тягота,2.0
тяготить,2.0
тяжело,1.09691
тяжёлый,1.09691
тянуть,2.0
тянуться,2.0
тёмный,1.22185
тёплый,1.09691
тёркин,2.0
тётушка,1.69897
тётя,2.0
уайльд,2.0
убегать,1.52288
убедить,2.0
убежать,1.69897
убивать,1.39794
убийственно,2.0
убийство,1.69897
убитый,2.0
убить,1.1549
убранство,2.0
убрать,2.0
уважать,1.0
уважение,1.09691
увезти,1.69897
увековечивать,2.0
увековечить,2.0
увеличиваться,2.0
увеличить,2.0
уверенность,1.69897
уверенный,2.0
увидеть,0.63827
увидеться,1.69897
увлекаться,1.52288
увлечение,2.0
увлечённо,2.0
уводить,2.0
увядание,2.0
увядать,1.69897
увядший,2.0
угадывать,2.0
углерод,2.0
углублять,2.0
уговор,2.0
угодить,2.0
уготовать,2.0
угощать,1.69897
угощение,2.0
угроза,2.0
угрюмство,2.0
угрюмый,2.0
удаваться,1.1549
удалой,2.0
удар,1.30103
ударение,0.0
ударить,2.0
ударять,1.69897
удаться,0.95861
удача,2.0
удачно,2.0
уделить,2.0
удельный,2.0
уделять,1.1549
уделяться,1.69897
удивительный,1.52288
удивить,2.0
удивление,1.69897
удивлять,2.0
удивляться,1.69897
удовольствие,1.1549
удостовериться,2.0
уездный,2.0
уезжать,1.69897
уехать,1.52288
уж,1.30103
ужас,1.39794
уже,0.45593
узнавать,1.30103
узнать,0.95861
уйти,1.52288
указание,0.0
указанный,2.0
указать,1.30103
указывать,1.1549
указываться,2.0
укол,2.0
уколоться,2.0
укорять,2.0
украдкой,2.0
украинский,1.69897
украсить,1.69897
украсть,2.0
укрывать,1.69897
укрытый,2.0
укус,2.0
улавливать,2.0
улететь,2.0
улица,1.39794
уличный,1.69897
уловить,2.0
улучшаться,2.0
ум,1.22185
умелый,1.69897
умение,1.39794
умереть,1.30103
уметь,0.88606
умилять,2.0
умирать,2.0
умиротворение,2.0
умножение,1.69897
умный,0.92082
умолять,2.0
умудрить,2.0
ундина,2.0
унести,1.69897
университетский,2.0
унижать,2.0
унижение,1.69897
унизить,2.0
унизиться,2.0
уникальный,2.0
уничтожить,1.69897
уносить,2.0
унылый,2.0
упасть,2.0
уподоблять,2.0
упоминание,1.52288
упоминать,2.0
упоминаться,2.0
упомянуть,1.69897
употребить,2.0
употребление,2.0
упрекать,1.69897
упрямство,1.69897
уравнение,1.52288
уральский,2.0
урезанный,2.0
уродливый,1.69897
урожай,2.0
урок,0.5376
урюпин,2.0
усадьба,1.69897
усанин,2.0
усердие,1.69897
усердно,2.0
усечь,2.0
усик,2.0
усиление,1.69897
усиливать,2.0
усиливаться,1.69897
усилие,1.69897
уследить,2.0
условие,1.30103
условно,1.39794
условный,2.0
услужливость,2.0
услышать,1.52288
уснуть,1.52288
усолец,2.0
успевать,2.0
успеть,1.52288
успех,1.69897
уставать,2.0
устаревший,2.0
устать,2.0
устный,2.0
устоять,2.0
устраивать,1.52288
устраиваться,2.0
устрашать,2.0
устроить,1.69897
уступать,1.69897
усыновить,2.0
усыпить,2.0
утверждение,2.0
утеплить,2.0
утешение,1.52288
утка,2.0
утопить,0.95861
утратить,2.0
утро,1.69897
утром,2.0
утяшов,2.0
ухаживать,1.52288
ухо,2.0
уховертов,2.0
уход,1.69897
уходить,1.1549
участвовать,1.69897
участие,1.30103
участник,1.39794
участь,1.52288
учебный,1.52288
ученик,0.0
ученица,2.0
учитель,0.0
учительница,1.69897
учить,0.79588
учиться,1.04576
учреждение,2.0
учуять,2.0
учёба,0.0
ушаков,2.0
ущелие,2.0
уютный,1.69897
фабричнов,2.0
фадеев,1.69897
фаза,2.0
факт,1.52288
фактор,1.69897
фамилия,1.69897
фамус,2.0
фамусов,2.0
фамусовский,2.0
фантазия,1.69897
фантастический,1.52288
фаренгейт,2.0
фарух,1.22185
фаталист,1.69897
фауст,2.0
февраль,1.69897
феврония,2.0
феклуша,2.0
феникс,2.0
фенёчек,2.0
фердыщенко,2.0
фет,0.65758
фея,2.0
фигура,1.52288
физика,0.0
физический,1.69897
фиксировать,2.0
филин,0.00436
филипп,2.0
филиппов,2.0
филиппович,2.0
философский,1.04576
филька,2.0
филькин,2.0
фильм,2.0
фильтр,2.0
финал,1.22185
финальный,2.0
финансовый,2.0
фининспектор,2.0
финн,1.69897
фирс,2.0
флягин,2.0
фокин,2.0
фольклор,2.0
фольклорный,1.52288
фоменко,1.1549
фон,1.69897
фонвизин,2.0
фонд,2.0
фонетический,0.0
форма,0.85387
формально,1.52288
формальный,2.0
формирование,2.0
формироваться,1.69897
формула,1.69897
фотосинтез,1.52288
фотоэффект,2.0
фраза,2.0
француз,2.0
французский,1.1549
фронт,2.0
фронтовой,2.0
фрукт,2.0
функция,1.22185
футбол,2.0
футляр,2.0
фёдор,1.30103
хабаров,2.0
хазар,2.0
хаксли,2.0
хамелеон,2.0
хан,2.0
ханс,2.0
характер,0.46852
характеризовать,2.0
характеризоваться,1.39794
характеристика,0.29243
характерный,1.04576
харизматичный,2.0
хвалить,2.0
хвастать,2.0
хватать,1.52288
хвойный,2.0
хвост,1.69897
хвостик,2.0
хвостиковый,2.0
хемингуэй,1.69897
хилый,2.0
химический,1.1549
химия,0.0
хитрость,1.69897
хитроумный,2.0
хищный,2.0
хладнокровный,2.0
хлеб,1.39794
хлестак,2.0
хлестаков,0.88606
хлестаковщина,2.0
хлопов,2.0
хлопоты,2.0
хлынуть,2.0
хмурый,2.0
хобби,2.0
ход,1.52288
ходить,1.0
хозяин,1.30103
хозяйка,0.85387
хозяйственный,2.0
хозяйство,1.69897
холм,2.0
холод,1.69897
холодно,2.0
холодное,1.39794
холодность,2.0
холодный,1.0
холст,2.0
хорей,1.30103
хороший,0.49485
хорошо,0.95861
хорь,2.0
хот,2.0
хотеть,0.52288
хотеться,1.39794
храбрость,1.22185
храбрый,1.39794
храм,1.69897
хранить,1.30103
храниться,2.0
хрестоматийный,2.0
христиана,2.0
христианский,1.69897
христина,2.0
хрома,2.0
хронологический,1.69897
хрупкий,2.0
худенький,2.0
худеть,2.0
художественно,2.0
художественный,0.76955
художник,1.30103
худой,2.0
хулиган,2.0
хусаин,2.0
хутор,1.30103
царевич,1.69897
царевна,2.0
царить,1.30103
царский,1.69897
царскосельский,1.69897
царство,2.0
царь,1.30103
цвести,2.0
цвет,1.39794
цветаев,0.79588
цветковый,2.0
цветок,1.52288
цветочек,2.0
цветущий,2.0
целеустремлённо,2.0
целина,2.0
целое,2.0
целостный,1.69897
целый,1.1549
цель,2.0
цена,2.0
ценить,1.0
ценность,1.39794
ценный,1.69897
центр,1.09691
центральный,0.88606
церквушка,2.0
церковный,1.69897
цикл,1.22185
цикличность,2.0
цинично,2.0
цитата,2.0
цитатный,2.0
цитировать,2.0
цыфиркин,2.0
чайковский,2.0
чайный,2.0
чан,2.0
чар,2.0
чара,2.0
чарткова,2.0
чартковы,2.0
час,1.52288
часовня,2.0
частица,2.0
частично,1.69897
частичный,0.0
часто,0.69897
частый,1.39794
часть,0.72125
часы,1.52288
чацкий,2.0
чаша,2.0
чаять,2.0
чей,1.52288
челкаша,2.0
человек,0.26761
человеколюбивый,2.0
человеческий,0.72125
человечество,2.0
челядь,2.0
череда,2.0
чередование,1.69897
чередоваться,1.69897
череп,1.69897
чернила,2.0
чернокожий,2.0
черномор,2.0
чернушка,1.69897
чернышевский,2.0
черпать,2.0
черта,1.0
черткоев,1.69897
чертовщина,2.0
чертог,2.0
честно,2.0
честной,1.22185
честность,1.30103
честный,1.22185
честь,0.92082
четверостишие,1.69897
четыре,1.1549
четырехстопный,2.0
четырнадцатилетний,1.69897
четырёхлетний,2.0
чехов,1.22185
чикишеть,2.0
чинить,2.0
чиновник,2.0
чиновничество,2.0
чиполлиный,2.0
чиров,2.0
числительное,1.0
число,1.1549
числовой,2.0
чистенький,2.0
чисто,2.0
чистовый,2.0
чистота,2.0
чистый,0.95861
читатель,0.63827
читательский,0.0
читать,0.4437
читаться,2.0
чичиков,2.0
член,1.30103
чтение,0.0
что,0.0
чувственный,2.0
чувство,0.58503
чувствовать,1.0
чувствоваться,1.52288
чугункина,2.0
чудесный,1.22185
чудик,2.0
чудной,2.0
чудо,1.52288
чудовищно,2.0
чудом,2.0
чудра,2.0
чуждый,1.52288
чужой,1.52288
чумак,2.0
чумаков,2.0
чуткий,2.0
чуть,1.39794
чучело,2.0
чёрный,0.95861
чётный,2.0
шабунин,1.1549
шаг,1.52288
шадрин,2.0
шадрина,2.0
шайдуллин,2.0
шакуров,2.0
шалдина,2.0
шанарев,2.0
шапка,1.69897
шаповалов,2.0
шар,1.39794
шарафеев,1.52288
шарик,2.0
шарлотта,2.0
шарль,1.69897
шатия,2.0
шахта,2.0
швабрин,2.0
шварц,1.69897
швондёр,2.0
шевченко,1.30103
шедевр,2.0
шекспир,1.69897
шелепов,2.0
шенграбенский,2.0
шептать,2.0
шер,2.0
шерер,2.0
шерсть,1.52288
шестилетний,2.0
шестистопный,2.0
шестой,1.39794
шинель,2.0
шипящий,2.0
ширина,2.0
ширма,2.0
широкий,1.69897
широков,2.0
шить,2.0
шишкин,2.0
шкатулка,1.69897
школа,1.30103
школьник,0.92082
школьный,1.22185
шкура,2.0
шлем,2.0
шлом,2.0
шмаков,2.0
шок,2.0
шолохов,1.22185
шопен,2.0
шпекин,2.0
штаймец,2.0
штокман,2.0
штолец,2.0
штольц,2.0
штурвал,2.0
штурмовать,2.0
штык,2.0
шуберт,2.0
шукшин,0.56864
шум,2.0
шуметь,2.0
шумно,2.0
шумный,1.39794
шургановый,1.69897
шуршать,2.0
шустрый,2.0
шутить,2.0
шутка,1.69897
шухов,2.0
щавелевый,2.0
щадить,2.0
щегол,1.52288
щедро,1.69897
щедрость,2.0
щедрый,1.69897
щелкунчик,2.0
щель,2.0
щенок,1.52288
щербатый,2.0
ы,2.0
эбенезер,2.0
эволюция,1.69897
эгоистичный,1.69897
экзамен,2.0
экзотический,2.0
экономика,2.0
экономить,2.0
экономический,1.52288
экспедиция,2.0
экспозиция,2.0
элегия,2.0
электрический,1.04576
элемент,1.30103
элен,2.0
элизабет,1.52288
эмигрировать,2.0
эмиль,2.0
эмир,2.0
эмма,2.0
эмоционально,1.69897
эмоциональный,1.22185
эмоция,1.52288
эндокринный,2.0
энергичный,2.0
эпиграмма,2.0
эпиграф,2.0
эпизод,1.39794
эпилог,1.52288
эпителиальный,2.0
эпитет,0.65758
эпоха,1.22185
эраст,2.0
эренцен,2.0
эрнст,2.0
эссе,1.1549
эстетический,2.0
этакий,2.0
эталон,2.0
этап,2.0
это,0.07572
этот,0.23657
эффект,1.39794
юбилей,1.69897
южный,1.09691
юкка,2.0
юлиан,2.0
юлия,0.00436
юмор,1.69897
юмористический,2.0
юность,1.39794
юноша,1.52288
юношеский,1.52288
юный,1.09691
юон,2.0
юра,2.0
юрак,0.00436
юриевич,2.0
юрий,1.69897
юрин,1.22185
юшка,2.0
я,0.23657
ябеда,1.69897
яблоко,2.0
яблонской,2.0
явиться,2.0
явка,2.0
явление,0.58503
являться,0.26761
явно,1.39794
явный,2.0
явтуховский,1.1549
ягода,1.69897
ягодаров,2.0
ядовитый,2.0
ядохина,2.0
ядро,1.69897
язык,0.0
языковой,1.52288
яйцо,2.0
яким,2.0
яковлев,1.39794
якуткин,2.0
ялаковый,2.0
яма,2.0
ямб,1.09691
ян,1.52288
януш,2.0
яркий,0.85387
ярко,1.0
яромир,2.0
ярослав,2.0
ярославович,2.0
ярославский,2.0
яростный,0.69897
ярость,2.0
ясмина,1.52288
ясно,1.69897
ястребова,2.0
яцын,2.0
яша,2.0
ящерица,2.0
ящерка,2.0
ёмко,2.0
ёмкость,2.0
